id	camera	light_color	cube_id	cube_color	video_file_name	picture_file_name
0	1		1	G	133526.mp4	0.png
1	1		1	G	133526.mp4	1.png
2	1		1	G	133526.mp4	2.png
3	1		1	G	133526.mp4	3.png
4	1		1	G	133526.mp4	4.png
5	1		1	G	133526.mp4	5.png
6	1		1	G	133526.mp4	6.png
7	1		1	G	133526.mp4	7.png
8	1		1	G	133526.mp4	8.png
9	1		1	G	133526.mp4	9.png
10	1		1	G	133526.mp4	10.png
11	1		1	G	133526.mp4	11.png
12	1		1	G	133526.mp4	12.png
13	1		1	G	133526.mp4	13.png
14	1		1	G	133526.mp4	14.png
15	1		1	G	133526.mp4	15.png
16	1		1	G	133526.mp4	16.png
17	1		1	G	133526.mp4	17.png
18	1		1	G	133526.mp4	18.png
19	1		1	G	133526.mp4	19.png
20	1		1	G	133526.mp4	20.png
21	1		1	G	133526.mp4	21.png
22	1		1	G	133526.mp4	22.png
23	1		1	G	133526.mp4	23.png
24	1		1	G	133526.mp4	24.png
25	1		1	G	133526.mp4	25.png
26	1		1	G	133526.mp4	26.png
27	1		1	G	133526.mp4	27.png
28	1		1	G	133526.mp4	28.png
29	1		1	G	133526.mp4	29.png
30	1		1	G	133526.mp4	30.png
31	1		1	G	133526.mp4	31.png
32	1		1	G	133526.mp4	32.png
33	1		1	G	133526.mp4	33.png
34	1		1	G	133526.mp4	34.png
35	1		1	G	133526.mp4	35.png
36	1		1	G	133526.mp4	36.png
37	1		1	G	133526.mp4	37.png
38	1		1	G	133526.mp4	38.png
39	1		1	G	133526.mp4	39.png
40	1		1	G	133526.mp4	40.png
41	1		1	G	133526.mp4	41.png
42	1		1	G	133526.mp4	42.png
43	1		1	G	133526.mp4	43.png
44	1		1	G	133526.mp4	44.png
45	1		1	G	133526.mp4	45.png
46	1		1	G	133526.mp4	46.png
47	1		1	G	133526.mp4	47.png
48	1		1	G	133526.mp4	48.png
49	1		1	G	133526.mp4	49.png
50	1		1	G	133526.mp4	50.png
51	1		1	G	133526.mp4	51.png
52	1		1	G	133526.mp4	52.png
53	1		1	G	133526.mp4	53.png
54	1		1	G	133526.mp4	54.png
55	1		1	G	133526.mp4	55.png
56	1		1	G	133526.mp4	56.png
57	1		1	G	133526.mp4	57.png
58	1		1	G	133526.mp4	58.png
59	1		1	G	133526.mp4	59.png
60	1		1	G	133526.mp4	60.png
61	1		1	G	133526.mp4	61.png
62	1		1	G	133526.mp4	62.png
63	1		1	G	133526.mp4	63.png
64	1		1	G	133526.mp4	64.png
65	1		1	G	133526.mp4	65.png
66	1		1	G	133526.mp4	66.png
67	1		1	G	133526.mp4	67.png
68	1		1	G	133526.mp4	68.png
69	1		1	G	133526.mp4	69.png
70	1		1	G	133526.mp4	70.png
71	1		1	G	133526.mp4	71.png
72	1		1	G	133526.mp4	72.png
73	1		1	G	133526.mp4	73.png
74	1		1	G	133526.mp4	74.png
75	1		1	G	133526.mp4	75.png
76	1		1	G	133526.mp4	76.png
77	1		1	G	133526.mp4	77.png
78	1		1	G	133526.mp4	78.png
79	1		1	G	133526.mp4	79.png
80	1		1	G	133526.mp4	80.png
81	1		1	G	133526.mp4	81.png
82	1		1	G	133526.mp4	82.png
83	1		1	G	133526.mp4	83.png
84	1		1	G	133526.mp4	84.png
85	1		1	G	133526.mp4	85.png
86	1		1	G	133526.mp4	86.png
87	1		1	G	133526.mp4	87.png
88	1		1	G	133526.mp4	88.png
89	1		1	G	133526.mp4	89.png
90	1		1	G	133526.mp4	90.png
91	1		1	G	133526.mp4	91.png
92	1		1	G	133526.mp4	92.png
93	1		1	G	133526.mp4	93.png
94	1		1	G	133526.mp4	94.png
95	1		1	G	133526.mp4	95.png
96	1		1	G	133526.mp4	96.png
97	1		1	G	133526.mp4	97.png
98	1		1	G	133526.mp4	98.png
99	1		1	G	133526.mp4	99.png
100	1		1	G	133526.mp4	100.png
101	1		1	G	133526.mp4	101.png
102	1		1	G	133526.mp4	102.png
103	1		1	G	133526.mp4	103.png
104	1		1	G	133526.mp4	104.png
105	1		1	G	133526.mp4	105.png
106	1		1	G	133526.mp4	106.png
107	1		1	G	133526.mp4	107.png
108	1		1	G	133526.mp4	108.png
109	1		1	G	133526.mp4	109.png
110	1		1	G	133526.mp4	110.png
111	1		1	G	133526.mp4	111.png
112	1		1	G	133526.mp4	112.png
113	1		1	G	133526.mp4	113.png
114	1		1	G	133526.mp4	114.png
115	1		1	G	133526.mp4	115.png
116	1		1	G	133526.mp4	116.png
117	1		1	G	133526.mp4	117.png
118	1		1	G	133526.mp4	118.png
119	1		1	G	133526.mp4	119.png
120	1		1	G	133526.mp4	120.png
121	1		1	G	133526.mp4	121.png
122	1		1	G	133526.mp4	122.png
123	1		1	G	133526.mp4	123.png
124	1		1	G	133526.mp4	124.png
125	1		1	G	133526.mp4	125.png
126	1		1	G	133526.mp4	126.png
127	1		1	G	133526.mp4	127.png
128	1		1	G	133526.mp4	128.png
129	1		1	G	133526.mp4	129.png
130	1		1	G	133526.mp4	130.png
131	1		1	G	133526.mp4	131.png
132	1		1	G	133526.mp4	132.png
133	1		1	G	133526.mp4	133.png
134	1		1	G	133526.mp4	134.png
135	1		1	G	133526.mp4	135.png
136	1		1	G	133526.mp4	136.png
137	1		1	G	133526.mp4	137.png
138	1		1	G	133526.mp4	138.png
139	1		1	G	133526.mp4	139.png
140	1		1	G	133526.mp4	140.png
141	1		1	G	133526.mp4	141.png
142	1		1	G	133526.mp4	142.png
143	1		1	G	133526.mp4	143.png
144	1		1	G	133526.mp4	144.png
145	1		1	G	133526.mp4	145.png
146	1		1	G	133526.mp4	146.png
147	1		1	G	133526.mp4	147.png
148	1		1	G	133526.mp4	148.png
149	1		1	G	133526.mp4	149.png
150	1		1	G	133526.mp4	150.png
151	1		1	G	133526.mp4	151.png
152	1		1	G	133526.mp4	152.png
153	1		1	G	133526.mp4	153.png
154	1		1	G	133526.mp4	154.png
155	1		1	G	133526.mp4	155.png
156	1		1	G	133526.mp4	156.png
157	1		1	G	133526.mp4	157.png
158	1		1	G	133526.mp4	158.png
159	1		1	G	133526.mp4	159.png
160	1		1	G	133526.mp4	160.png
161	1		1	G	133526.mp4	161.png
162	1		1	G	133526.mp4	162.png
163	1		1	G	133526.mp4	163.png
164	1		1	G	133526.mp4	164.png
165	1		1	G	133526.mp4	165.png
166	1		1	G	133526.mp4	166.png
167	1		1	G	133526.mp4	167.png
168	1		1	G	133526.mp4	168.png
169	1		1	G	133526.mp4	169.png
170	1		1	G	133526.mp4	170.png
171	1		1	G	133526.mp4	171.png
172	1		1	G	133526.mp4	172.png
173	1		1	G	133526.mp4	173.png
174	1		1	G	133526.mp4	174.png
175	1		1	G	133526.mp4	175.png
176	1		1	G	133526.mp4	176.png
177	1		1	G	133526.mp4	177.png
178	1		1	G	133526.mp4	178.png
179	1		1	G	133526.mp4	179.png
180	1		1	G	133526.mp4	180.png
181	1		1	G	133526.mp4	181.png
182	1		1	G	133526.mp4	182.png
183	1		1	G	133526.mp4	183.png
184	1		1	G	133526.mp4	184.png
185	1		1	G	133526.mp4	185.png
186	1		1	G	133526.mp4	186.png
187	1		1	G	133526.mp4	187.png
188	1		1	G	133526.mp4	188.png
189	1		1	G	133526.mp4	189.png
190	1		1	G	133526.mp4	190.png
191	1		1	G	133526.mp4	191.png
192	1		1	G	133526.mp4	192.png
193	1		1	G	133526.mp4	193.png
194	1		1	G	133526.mp4	194.png
195	1		1	G	133526.mp4	195.png
196	1		1	G	133526.mp4	196.png
197	1		1	G	133526.mp4	197.png
198	1		1	G	133526.mp4	198.png
199	1		1	G	133526.mp4	199.png
200	1		1	G	133526.mp4	200.png
201	1		1	G	133526.mp4	201.png
202	1		1	G	133526.mp4	202.png
203	1		1	G	133526.mp4	203.png
204	1		1	G	133526.mp4	204.png
205	1		1	G	133526.mp4	205.png
206	1		1	G	133526.mp4	206.png
207	1		1	G	133526.mp4	207.png
208	1		1	G	133526.mp4	208.png
209	1		1	G	133526.mp4	209.png
210	1		1	G	133526.mp4	210.png
211	1		1	G	133526.mp4	211.png
212	1		1	G	133526.mp4	212.png
213	1		1	G	133526.mp4	213.png
214	1		1	G	133526.mp4	214.png
215	1		1	G	133526.mp4	215.png
216	1		1	G	133526.mp4	216.png
217	1		1	G	133526.mp4	217.png
218	1		1	G	133526.mp4	218.png
219	1		1	G	133526.mp4	219.png
220	1		1	G	133526.mp4	220.png
221	1		1	G	133526.mp4	221.png
222	1		1	G	133526.mp4	222.png
223	1		1	G	133526.mp4	223.png
224	1		1	G	133526.mp4	224.png
225	1		1	G	133526.mp4	225.png
226	1		1	G	133526.mp4	226.png
227	1		1	G	133526.mp4	227.png
228	1		1	G	133526.mp4	228.png
229	1		1	G	133526.mp4	229.png
230	1		1	G	133526.mp4	230.png
231	1		1	G	133526.mp4	231.png
232	1		1	G	133526.mp4	232.png
233	1		1	G	133526.mp4	233.png
234	1		1	G	133526.mp4	234.png
235	1		1	G	133526.mp4	235.png
236	1		1	G	133526.mp4	236.png
237	1		1	G	133526.mp4	237.png
238	1		1	G	133526.mp4	238.png
239	1		1	G	133526.mp4	239.png
240	1		1	G	133526.mp4	240.png
241	1		1	G	133526.mp4	241.png
242	1		1	O	151620.mp4	242.png
243	1		1	O	151620.mp4	243.png
244	1		1	O	151620.mp4	244.png
245	1		1	O	151620.mp4	245.png
246	1		1	O	151620.mp4	246.png
247	1		1	O	151620.mp4	247.png
248	1		1	O	151620.mp4	248.png
249	1		1	O	151620.mp4	249.png
250	1		1	O	151620.mp4	250.png
251	1		1	O	151620.mp4	251.png
252	1		1	O	151620.mp4	252.png
253	1		1	O	151620.mp4	253.png
254	1		1	O	151620.mp4	254.png
255	1		1	O	151620.mp4	255.png
256	1		1	O	151620.mp4	256.png
257	1		1	O	151620.mp4	257.png
258	1		1	O	151620.mp4	258.png
259	1		1	O	151620.mp4	259.png
260	1		1	O	151620.mp4	260.png
261	1		1	O	151620.mp4	261.png
262	1		1	O	151620.mp4	262.png
263	1		1	O	151620.mp4	263.png
264	1		1	O	151620.mp4	264.png
265	1		1	O	151620.mp4	265.png
266	1		1	O	151620.mp4	266.png
267	1		1	O	151620.mp4	267.png
268	1		1	O	151620.mp4	268.png
269	1		1	O	151620.mp4	269.png
270	1		1	O	151620.mp4	270.png
271	1		1	O	151620.mp4	271.png
272	1		1	O	151620.mp4	272.png
273	1		1	O	151620.mp4	273.png
274	1		1	O	151620.mp4	274.png
275	1		1	O	151620.mp4	275.png
276	1		1	O	151620.mp4	276.png
277	1		1	O	151620.mp4	277.png
278	1		1	O	151620.mp4	278.png
279	1		1	O	151620.mp4	279.png
280	1		1	O	151620.mp4	280.png
281	1		1	O	151620.mp4	281.png
282	1		1	O	151620.mp4	282.png
283	1		1	O	151620.mp4	283.png
284	1		1	O	151620.mp4	284.png
285	1		1	O	151620.mp4	285.png
286	1		1	O	151620.mp4	286.png
287	1		1	O	151620.mp4	287.png
288	1		1	O	151620.mp4	288.png
289	1		1	O	151620.mp4	289.png
290	1		1	O	151620.mp4	290.png
291	1		1	O	151620.mp4	291.png
292	1		1	O	151620.mp4	292.png
293	1		1	O	151620.mp4	293.png
294	1		1	O	151620.mp4	294.png
295	1		1	O	151620.mp4	295.png
296	1		1	O	151620.mp4	296.png
297	1		1	O	151620.mp4	297.png
298	1		1	O	151620.mp4	298.png
299	1		1	O	151620.mp4	299.png
300	1		1	O	151620.mp4	300.png
301	1		1	O	151620.mp4	301.png
302	1		1	O	151620.mp4	302.png
303	1		1	O	151620.mp4	303.png
304	1		1	O	151620.mp4	304.png
305	1		1	O	151620.mp4	305.png
306	1		1	O	151620.mp4	306.png
307	1		1	O	151620.mp4	307.png
308	1		1	O	151620.mp4	308.png
309	1		1	Y	151519.mp4	309.png
310	1		1	Y	151519.mp4	310.png
311	1		1	Y	151519.mp4	311.png
312	1		1	Y	151519.mp4	312.png
313	1		1	Y	151519.mp4	313.png
314	1		1	Y	151519.mp4	314.png
315	1		1	Y	151519.mp4	315.png
316	1		1	Y	151519.mp4	316.png
317	1		1	Y	151519.mp4	317.png
318	1		1	Y	151519.mp4	318.png
319	1		1	Y	151519.mp4	319.png
320	1		1	Y	151519.mp4	320.png
321	1		1	Y	151519.mp4	321.png
322	1		1	Y	151519.mp4	322.png
323	1		1	Y	151519.mp4	323.png
324	1		1	Y	151519.mp4	324.png
325	1		1	Y	151519.mp4	325.png
326	1		1	Y	151519.mp4	326.png
327	1		1	Y	151519.mp4	327.png
328	1		1	Y	151519.mp4	328.png
329	1		1	Y	151519.mp4	329.png
330	1		1	Y	151519.mp4	330.png
331	1		1	Y	151519.mp4	331.png
332	1		1	Y	151519.mp4	332.png
333	1		1	Y	151519.mp4	333.png
334	1		1	Y	151519.mp4	334.png
335	1		1	Y	151519.mp4	335.png
336	1		1	Y	151519.mp4	336.png
337	1		1	Y	151519.mp4	337.png
338	1		1	Y	151519.mp4	338.png
339	1		1	Y	151519.mp4	339.png
340	1		1	Y	151519.mp4	340.png
341	1		1	Y	151519.mp4	341.png
342	1		1	Y	151519.mp4	342.png
343	1		1	Y	151519.mp4	343.png
344	1		1	Y	151519.mp4	344.png
345	1		1	Y	151519.mp4	345.png
346	1		1	Y	151519.mp4	346.png
347	1		1	Y	151519.mp4	347.png
348	1		1	Y	151519.mp4	348.png
349	1		1	Y	151519.mp4	349.png
350	1		1	Y	151519.mp4	350.png
351	1		1	Y	151519.mp4	351.png
352	1		1	Y	151519.mp4	352.png
353	1		1	Y	151519.mp4	353.png
354	1		1	Y	151519.mp4	354.png
355	1		1	Y	151519.mp4	355.png
356	1		1	Y	151519.mp4	356.png
357	1		1	Y	151519.mp4	357.png
358	1		1	Y	151519.mp4	358.png
359	1		1	Y	151519.mp4	359.png
360	1		1	Y	151519.mp4	360.png
361	1		1	Y	151519.mp4	361.png
362	1		1	Y	151519.mp4	362.png
363	1		1	Y	151519.mp4	363.png
364	1		1	Y	151519.mp4	364.png
365	1		1	Y	151519.mp4	365.png
366	1		1	Y	151519.mp4	366.png
367	1		1	Y	151519.mp4	367.png
368	1		1	Y	151519.mp4	368.png
369	1		1	Y	151519.mp4	369.png
370	1		1	Y	151519.mp4	370.png
371	1		1	Y	151519.mp4	371.png
372	1		1	Y	151519.mp4	372.png
373	1		1	Y	151519.mp4	373.png
374	1		1	Y	151519.mp4	374.png
375	1		1	Y	151519.mp4	375.png
376	1		1	Y	151519.mp4	376.png
377	1		1	Y	151519.mp4	377.png
378	1		1	Y	151519.mp4	378.png
379	1		1	Y	151519.mp4	379.png
380	1		1	Y	151519.mp4	380.png
381	1		1	Y	151519.mp4	381.png
382	1		1	Y	151519.mp4	382.png
383	1		1	Y	151519.mp4	383.png
384	1		1	Y	151519.mp4	384.png
385	1		1	Y	151519.mp4	385.png
386	1		1	Y	151519.mp4	386.png
387	1		1	Y	151519.mp4	387.png
388	1		1	Y	151519.mp4	388.png
389	1		1	Y	151519.mp4	389.png
390	1		1	Y	151519.mp4	390.png
391	1		1	Y	151519.mp4	391.png
392	1		1	Y	151519.mp4	392.png
393	1		1	Y	151519.mp4	393.png
394	1		1	Y	151519.mp4	394.png
395	1		1	Y	151519.mp4	395.png
396	1		1	Y	151519.mp4	396.png
397	1		1	Y	151519.mp4	397.png
398	1		1	Y	151519.mp4	398.png
399	1		1	Y	151519.mp4	399.png
400	1		1	Y	151519.mp4	400.png
401	1		1	Y	151519.mp4	401.png
402	1		1	Y	151519.mp4	402.png
403	1		1	Y	151519.mp4	403.png
404	1		1	Y	151519.mp4	404.png
405	1		1	R	133635.mp4	405.png
406	1		1	R	133635.mp4	406.png
407	1		1	R	133635.mp4	407.png
408	1		1	R	133635.mp4	408.png
409	1		1	R	133635.mp4	409.png
410	1		1	R	133635.mp4	410.png
411	1		1	R	133635.mp4	411.png
412	1		1	R	133635.mp4	412.png
413	1		1	R	133635.mp4	413.png
414	1		1	R	133635.mp4	414.png
415	1		1	R	133635.mp4	415.png
416	1		1	R	133635.mp4	416.png
417	1		1	R	133635.mp4	417.png
418	1		1	R	133635.mp4	418.png
419	1		1	R	133635.mp4	419.png
420	1		1	R	133635.mp4	420.png
421	1		1	R	133635.mp4	421.png
422	1		1	R	133635.mp4	422.png
423	1		1	R	133635.mp4	423.png
424	1		1	R	133635.mp4	424.png
425	1		1	R	133635.mp4	425.png
426	1		1	R	133635.mp4	426.png
427	1		1	R	133635.mp4	427.png
428	1		1	R	133635.mp4	428.png
429	1		1	R	133635.mp4	429.png
430	1		1	R	133635.mp4	430.png
431	1		1	R	133635.mp4	431.png
432	1		1	R	133635.mp4	432.png
433	1		1	R	133635.mp4	433.png
434	1		1	R	133635.mp4	434.png
435	1		1	R	133635.mp4	435.png
436	1		1	R	133635.mp4	436.png
437	1		1	R	133635.mp4	437.png
438	1		1	R	133635.mp4	438.png
439	1		1	R	133635.mp4	439.png
440	1		1	R	133635.mp4	440.png
441	1		1	R	133635.mp4	441.png
442	1		1	R	133635.mp4	442.png
443	1		1	R	133635.mp4	443.png
444	1		1	R	133635.mp4	444.png
445	1		1	R	133635.mp4	445.png
446	1		1	R	133635.mp4	446.png
447	1		1	R	133635.mp4	447.png
448	1		1	R	133635.mp4	448.png
449	1		1	R	133635.mp4	449.png
450	1		1	R	133635.mp4	450.png
451	1		1	R	133635.mp4	451.png
452	1		1	R	133635.mp4	452.png
453	1		1	R	133635.mp4	453.png
454	1		1	R	133635.mp4	454.png
455	1		1	R	133635.mp4	455.png
456	1		1	R	133635.mp4	456.png
457	1		1	R	133635.mp4	457.png
458	1		1	R	133635.mp4	458.png
459	1		1	R	133635.mp4	459.png
460	1		1	R	133635.mp4	460.png
461	1		1	R	133635.mp4	461.png
462	1		1	R	133635.mp4	462.png
463	1		1	R	133635.mp4	463.png
464	1		1	R	133635.mp4	464.png
465	1		1	R	133635.mp4	465.png
466	1		1	R	133635.mp4	466.png
467	1		1	B	133816.mp4	467.png
468	1		1	B	133816.mp4	468.png
469	1		1	B	133816.mp4	469.png
470	1		1	B	133816.mp4	470.png
471	1		1	B	133816.mp4	471.png
472	1		1	B	133816.mp4	472.png
473	1		1	B	133816.mp4	473.png
474	1		1	B	133816.mp4	474.png
475	1		1	B	133816.mp4	475.png
476	1		1	B	133816.mp4	476.png
477	1		1	B	133816.mp4	477.png
478	1		1	B	133816.mp4	478.png
479	1		1	B	133816.mp4	479.png
480	1		1	B	133816.mp4	480.png
481	1		1	B	133816.mp4	481.png
482	1		1	B	133816.mp4	482.png
483	1		1	B	133816.mp4	483.png
484	1		1	B	133816.mp4	484.png
485	1		1	B	133816.mp4	485.png
486	1		1	B	133816.mp4	486.png
487	1		1	B	133816.mp4	487.png
488	1		1	B	133816.mp4	488.png
489	1		1	B	133816.mp4	489.png
490	1		1	B	133816.mp4	490.png
491	1		1	B	133816.mp4	491.png
492	1		1	B	133816.mp4	492.png
493	1		1	B	133816.mp4	493.png
494	1		1	B	133816.mp4	494.png
495	1		1	B	133816.mp4	495.png
496	1		1	B	133816.mp4	496.png
497	1		1	B	133816.mp4	497.png
498	1		1	B	133816.mp4	498.png
499	1		1	B	133816.mp4	499.png
500	1		1	B	133816.mp4	500.png
501	1		1	B	133816.mp4	501.png
502	1		1	B	133816.mp4	502.png
503	1		1	B	133816.mp4	503.png
504	1		1	B	133816.mp4	504.png
505	1		1	B	133816.mp4	505.png
506	1		1	B	133816.mp4	506.png
507	1		1	B	133816.mp4	507.png
508	1		1	B	133816.mp4	508.png
509	1		1	B	133816.mp4	509.png
510	1		1	B	133816.mp4	510.png
511	1		1	B	133816.mp4	511.png
512	1		1	B	133816.mp4	512.png
513	1		1	B	133816.mp4	513.png
514	1		1	B	133816.mp4	514.png
515	1		1	B	133816.mp4	515.png
516	1		1	B	133816.mp4	516.png
517	1		1	B	133816.mp4	517.png
518	1		1	B	133816.mp4	518.png
519	1		1	B	133816.mp4	519.png
520	1		1	B	133816.mp4	520.png
521	1		1	B	133816.mp4	521.png
522	1		1	B	133816.mp4	522.png
523	1		1	B	133816.mp4	523.png
524	1		1	B	133816.mp4	524.png
525	1		1	B	133816.mp4	525.png
526	1		1	B	133816.mp4	526.png
527	1		1	B	133816.mp4	527.png
528	1		1	B	133816.mp4	528.png
529	1		1	B	133816.mp4	529.png
530	1		1	B	133816.mp4	530.png
531	1		1	B	133816.mp4	531.png
532	1		1	B	133816.mp4	532.png
533	1		1	B	133816.mp4	533.png
534	1		1	B	133816.mp4	534.png
535	1		1	B	133816.mp4	535.png
536	1		1	B	133816.mp4	536.png
537	1		1	B	133816.mp4	537.png
538	1		1	B	133816.mp4	538.png
539	1		1	B	133816.mp4	539.png
540	1		1	B	133816.mp4	540.png
541	1		1	B	133816.mp4	541.png
542	1		1	B	133816.mp4	542.png
543	1		1	B	133816.mp4	543.png
544	1		1	B	133816.mp4	544.png
545	1		1	B	133816.mp4	545.png
546	1		1	B	133816.mp4	546.png
547	1		1	B	133816.mp4	547.png
548	1		1	B	133816.mp4	548.png
549	1		1	B	133816.mp4	549.png
550	1		1	B	133816.mp4	550.png
551	1		1	B	133816.mp4	551.png
552	1		1	B	133816.mp4	552.png
553	1		1	B	133816.mp4	553.png
554	1		1	B	133816.mp4	554.png
555	1		1	B	133816.mp4	555.png
556	1		1	B	133816.mp4	556.png
557	1		1	B	133816.mp4	557.png
558	1		1	B	133816.mp4	558.png
559	1		1	B	133816.mp4	559.png
560	1		1	B	133816.mp4	560.png
561	1		1	B	133816.mp4	561.png
562	1		1	B	133816.mp4	562.png
563	1		1	B	133816.mp4	563.png
564	1		1	B	133816.mp4	564.png
565	1		1	B	133816.mp4	565.png
566	1		1	B	133816.mp4	566.png
567	1		1	B	133816.mp4	567.png
568	1		1	B	133816.mp4	568.png
569	1		1	B	133816.mp4	569.png
570	1		1	B	133816.mp4	570.png
571	1		1	B	133816.mp4	571.png
572	1		1	B	133816.mp4	572.png
573	1		1	B	133816.mp4	573.png
574	1		1	B	133816.mp4	574.png
575	1		1	B	133816.mp4	575.png
576	1		1	B	133816.mp4	576.png
577	1		1	B	133816.mp4	577.png
578	1		1	B	133816.mp4	578.png
579	1		1	B	133816.mp4	579.png
580	1		1	B	133816.mp4	580.png
581	1		1	B	133816.mp4	581.png
582	1		1	B	133816.mp4	582.png
583	1		1	B	133816.mp4	583.png
584	1		1	B	133816.mp4	584.png
585	1		1	B	133816.mp4	585.png
586	1		1	B	133816.mp4	586.png
587	1		1	B	133816.mp4	587.png
588	1		1	B	133816.mp4	588.png
589	1		1	B	133816.mp4	589.png
590	1		1	B	133816.mp4	590.png
591	1		1	B	133816.mp4	591.png
592	1		1	B	133816.mp4	592.png
593	1		1	B	133816.mp4	593.png
594	1		1	B	133816.mp4	594.png
595	1		1	B	133816.mp4	595.png
596	1		1	B	133816.mp4	596.png
597	1		1	B	133816.mp4	597.png
598	1		1	B	133816.mp4	598.png
599	1		1	B	133816.mp4	599.png
600	1		1	B	133816.mp4	600.png
601	1		1	B	133816.mp4	601.png
602	1		1	B	133816.mp4	602.png
603	1		1	B	133816.mp4	603.png
604	1		1	B	133816.mp4	604.png
605	1		1	B	133816.mp4	605.png
606	1		1	B	133816.mp4	606.png
607	1		1	B	133816.mp4	607.png
608	1		1	B	133816.mp4	608.png
609	1		1	B	133816.mp4	609.png
610	1		1	B	133816.mp4	610.png
611	1		1	B	133816.mp4	611.png
612	1		1	B	133816.mp4	612.png
613	1		1	B	133816.mp4	613.png
614	1		1	B	133816.mp4	614.png
615	1		1	B	133816.mp4	615.png
616	1		1	B	133816.mp4	616.png
617	1		1	B	133816.mp4	617.png
618	1		1	B	133816.mp4	618.png
619	1		1	B	133816.mp4	619.png
620	1		1	B	133816.mp4	620.png
621	1		1	B	133816.mp4	621.png
622	1		1	B	133816.mp4	622.png
623	1		1	B	133816.mp4	623.png
624	1		1	B	133816.mp4	624.png
625	1		1	B	133816.mp4	625.png
626	1		1	B	133816.mp4	626.png
627	1		1	B	133816.mp4	627.png
628	1		1	B	133816.mp4	628.png
629	1		1	B	133816.mp4	629.png
630	1		1	B	133816.mp4	630.png
631	1		1	B	133816.mp4	631.png
632	1		1	B	133816.mp4	632.png
633	1		1	B	133816.mp4	633.png
634	1		1	B	133816.mp4	634.png
635	1		1	B	133816.mp4	635.png
636	1		1	B	133816.mp4	636.png
637	1		1	B	133816.mp4	637.png
638	1		1	B	133816.mp4	638.png
639	1		1	B	133816.mp4	639.png
640	1		1	B	133816.mp4	640.png
641	1		1	B	133816.mp4	641.png
642	1		1	B	133816.mp4	642.png
643	1		1	B	133816.mp4	643.png
644	1		1	B	133816.mp4	644.png
645	1		1	B	133816.mp4	645.png
646	1		1	B	133816.mp4	646.png
647	1		1	B	133816.mp4	647.png
648	1		1	B	133816.mp4	648.png
649	1		1	B	133816.mp4	649.png
650	1		1	B	133816.mp4	650.png
651	1		1	B	133816.mp4	651.png
652	1		1	B	133816.mp4	652.png
653	1		1	B	133816.mp4	653.png
654	1		1	B	133816.mp4	654.png
655	1		1	B	133816.mp4	655.png
656	1		1	B	133816.mp4	656.png
657	1		1	B	133816.mp4	657.png
658	1		1	B	133816.mp4	658.png
659	1		1	B	133816.mp4	659.png
660	1		1	B	133816.mp4	660.png
661	1		1	B	133816.mp4	661.png
662	1		1	B	133816.mp4	662.png
663	1		1	B	133816.mp4	663.png
664	1		1	B	133816.mp4	664.png
665	1		1	B	133816.mp4	665.png
666	1		1	B	133816.mp4	666.png
667	1		1	B	133816.mp4	667.png
668	1		1	B	133816.mp4	668.png
669	1		1	B	133816.mp4	669.png
670	1		1	B	133816.mp4	670.png
671	1		1	B	133816.mp4	671.png
672	1		1	B	133816.mp4	672.png
673	1		1	B	133816.mp4	673.png
674	1		1	B	133816.mp4	674.png
675	1		1	B	133816.mp4	675.png
676	1		1	B	133816.mp4	676.png
677	1		1	B	133816.mp4	677.png
678	1		1	B	133816.mp4	678.png
679	1		1	B	133816.mp4	679.png
680	1		1	B	133816.mp4	680.png
681	1		1	O	133431.mp4	681.png
682	1		1	O	133431.mp4	682.png
683	1		1	O	133431.mp4	683.png
684	1		1	O	133431.mp4	684.png
685	1		1	O	133431.mp4	685.png
686	1		1	O	133431.mp4	686.png
687	1		1	O	133431.mp4	687.png
688	1		1	O	133431.mp4	688.png
689	1		1	O	133431.mp4	689.png
690	1		1	O	133431.mp4	690.png
691	1		1	O	133431.mp4	691.png
692	1		1	O	133431.mp4	692.png
693	1		1	O	133431.mp4	693.png
694	1		1	O	133431.mp4	694.png
695	1		1	O	133431.mp4	695.png
696	1		1	O	133431.mp4	696.png
697	1		1	O	133431.mp4	697.png
698	1		1	O	133431.mp4	698.png
699	1		1	O	133431.mp4	699.png
700	1		1	O	133431.mp4	700.png
701	1		1	O	133431.mp4	701.png
702	1		1	O	133431.mp4	702.png
703	1		1	O	133431.mp4	703.png
704	1		1	O	133431.mp4	704.png
705	1		1	O	133431.mp4	705.png
706	1		1	O	133431.mp4	706.png
707	1		1	O	133431.mp4	707.png
708	1		1	O	133431.mp4	708.png
709	1		1	O	133431.mp4	709.png
710	1		1	O	133431.mp4	710.png
711	1		1	O	133431.mp4	711.png
712	1		1	O	133431.mp4	712.png
713	1		1	O	133431.mp4	713.png
714	1		1	O	133431.mp4	714.png
715	1		1	O	133431.mp4	715.png
716	1		1	O	133431.mp4	716.png
717	1		1	O	133431.mp4	717.png
718	1		1	O	133431.mp4	718.png
719	1		1	O	133431.mp4	719.png
720	1		1	O	133431.mp4	720.png
721	1		1	O	133431.mp4	721.png
722	1		1	O	133431.mp4	722.png
723	1		1	O	133431.mp4	723.png
724	1		1	O	133431.mp4	724.png
725	1		1	O	133431.mp4	725.png
726	1		1	O	133431.mp4	726.png
727	1		1	O	133431.mp4	727.png
728	1		1	O	133431.mp4	728.png
729	1		1	O	133431.mp4	729.png
730	1		1	O	133431.mp4	730.png
731	1		1	O	133431.mp4	731.png
732	1		1	O	133431.mp4	732.png
733	1		1	O	133431.mp4	733.png
734	1		1	O	133431.mp4	734.png
735	1		1	O	133431.mp4	735.png
736	1		1	O	133431.mp4	736.png
737	1		1	O	133431.mp4	737.png
738	1		1	O	133431.mp4	738.png
739	1		1	O	133431.mp4	739.png
740	1		1	O	133431.mp4	740.png
741	1		1	O	133431.mp4	741.png
742	1		1	O	133431.mp4	742.png
743	1		1	O	133431.mp4	743.png
744	1		1	O	133431.mp4	744.png
745	1		1	O	133431.mp4	745.png
746	1		1	O	133431.mp4	746.png
747	1		1	O	133431.mp4	747.png
748	1		1	O	133431.mp4	748.png
749	1		1	O	133431.mp4	749.png
750	1		1	O	133431.mp4	750.png
751	1		1	O	133431.mp4	751.png
752	1		1	O	133431.mp4	752.png
753	1		1	O	133431.mp4	753.png
754	1		1	O	133431.mp4	754.png
755	1		1	O	133431.mp4	755.png
756	1		1	O	133431.mp4	756.png
757	1		1	O	133431.mp4	757.png
758	1		1	O	133431.mp4	758.png
759	1		1	O	133431.mp4	759.png
760	1		1	O	133431.mp4	760.png
761	1		1	O	133431.mp4	761.png
762	1		1	O	133431.mp4	762.png
763	1		1	O	133431.mp4	763.png
764	1		1	O	133431.mp4	764.png
765	1		1	O	133431.mp4	765.png
766	1		1	O	133431.mp4	766.png
767	1		1	O	133431.mp4	767.png
768	1		1	O	133431.mp4	768.png
769	1		1	O	133431.mp4	769.png
770	1		1	O	133431.mp4	770.png
771	1		1	O	133431.mp4	771.png
772	1		1	O	133431.mp4	772.png
773	1		1	O	133431.mp4	773.png
774	1		1	O	133431.mp4	774.png
775	1		1	O	133431.mp4	775.png
776	1		1	O	133431.mp4	776.png
777	1		1	O	133431.mp4	777.png
778	1		1	O	133431.mp4	778.png
779	1		1	O	133431.mp4	779.png
780	1		1	O	133431.mp4	780.png
781	1		1	O	133431.mp4	781.png
782	1		1	O	133431.mp4	782.png
783	1		1	O	133431.mp4	783.png
784	1		1	O	133431.mp4	784.png
785	1		1	O	133431.mp4	785.png
786	1		1	O	133431.mp4	786.png
787	1		1	O	133431.mp4	787.png
788	1		1	O	133431.mp4	788.png
789	1		1	O	133431.mp4	789.png
790	1		1	O	133431.mp4	790.png
791	1		1	O	133431.mp4	791.png
792	1		1	O	133431.mp4	792.png
793	1		1	O	133431.mp4	793.png
794	1		1	O	133431.mp4	794.png
795	1		1	O	133431.mp4	795.png
796	1		1	O	133431.mp4	796.png
797	1		1	O	133431.mp4	797.png
798	1		1	O	133431.mp4	798.png
799	1		1	O	133431.mp4	799.png
800	1		1	O	133431.mp4	800.png
801	1		1	O	133431.mp4	801.png
802	1		1	O	133431.mp4	802.png
803	1		1	O	133431.mp4	803.png
804	1		1	O	133431.mp4	804.png
805	1		1	O	133431.mp4	805.png
806	1		1	O	133431.mp4	806.png
807	1		1	O	133431.mp4	807.png
808	1		1	O	133431.mp4	808.png
809	1		1	O	133431.mp4	809.png
810	1		1	O	133431.mp4	810.png
811	1		1	O	133431.mp4	811.png
812	1		1	O	133431.mp4	812.png
813	1		1	O	133431.mp4	813.png
814	1		1	O	133431.mp4	814.png
815	1		1	O	133431.mp4	815.png
816	1		1	O	133431.mp4	816.png
817	1		1	O	133431.mp4	817.png
818	1		1	O	133431.mp4	818.png
819	1		1	O	133431.mp4	819.png
820	1		1	O	133431.mp4	820.png
821	1		1	O	133431.mp4	821.png
822	1		1	O	133431.mp4	822.png
823	1		1	O	133431.mp4	823.png
824	1		1	O	133431.mp4	824.png
825	1		1	O	133431.mp4	825.png
826	1		1	O	133431.mp4	826.png
827	1		1	O	133431.mp4	827.png
828	1		1	O	133431.mp4	828.png
829	1		1	O	133431.mp4	829.png
830	1		1	O	133431.mp4	830.png
831	1		1	O	133431.mp4	831.png
832	1		1	O	133431.mp4	832.png
833	1		1	O	133431.mp4	833.png
834	1		1	O	133431.mp4	834.png
835	1		1	O	133431.mp4	835.png
836	1		1	O	133431.mp4	836.png
837	1		1	O	133431.mp4	837.png
838	1		1	O	133431.mp4	838.png
839	1		1	O	133431.mp4	839.png
840	1		1	O	133431.mp4	840.png
841	1		1	O	133431.mp4	841.png
842	1		1	O	133431.mp4	842.png
843	1		1	O	133431.mp4	843.png
844	1		1	O	133431.mp4	844.png
845	1		1	O	133431.mp4	845.png
846	1		1	O	133431.mp4	846.png
847	1		1	O	133431.mp4	847.png
848	1		1	O	133431.mp4	848.png
849	1		1	O	133431.mp4	849.png
850	1		1	O	133431.mp4	850.png
851	1		1	O	133431.mp4	851.png
852	1		1	O	133431.mp4	852.png
853	1		1	O	133431.mp4	853.png
854	1		1	O	133431.mp4	854.png
855	1		1	O	133431.mp4	855.png
856	1		1	O	133431.mp4	856.png
857	1		1	O	133431.mp4	857.png
858	1		1	O	133431.mp4	858.png
859	1		1	O	133431.mp4	859.png
860	1		1	O	133431.mp4	860.png
861	1		1	O	133431.mp4	861.png
862	1		1	O	133431.mp4	862.png
863	1		1	O	133431.mp4	863.png
864	1		1	O	133431.mp4	864.png
865	1		1	O	133431.mp4	865.png
866	1		1	O	133431.mp4	866.png
867	1		1	O	133431.mp4	867.png
868	1		1	O	133431.mp4	868.png
869	1		1	O	133431.mp4	869.png
870	1		1	O	133431.mp4	870.png
871	1		1	O	133431.mp4	871.png
872	1		1	O	133431.mp4	872.png
873	1		1	O	133431.mp4	873.png
874	1		1	O	133431.mp4	874.png
875	1		1	O	133431.mp4	875.png
876	1		1	O	133431.mp4	876.png
877	1		1	O	133431.mp4	877.png
878	1		1	O	133431.mp4	878.png
879	1		1	O	133431.mp4	879.png
880	1		1	O	133431.mp4	880.png
881	1		1	O	133431.mp4	881.png
882	1		1	O	133431.mp4	882.png
883	1		1	O	133431.mp4	883.png
884	1		1	O	133431.mp4	884.png
885	1		1	O	133431.mp4	885.png
886	1		1	O	133431.mp4	886.png
887	1		1	O	133431.mp4	887.png
888	1		1	O	133431.mp4	888.png
889	1		1	O	133431.mp4	889.png
890	1		1	O	133431.mp4	890.png
891	1		1	O	133431.mp4	891.png
892	1		1	O	133431.mp4	892.png
893	1		1	O	133431.mp4	893.png
894	1		1	O	133431.mp4	894.png
895	1		1	O	133431.mp4	895.png
896	1		1	O	133431.mp4	896.png
897	1		1	O	133431.mp4	897.png
898	1		1	O	133431.mp4	898.png
899	1		1	O	133431.mp4	899.png
900	1		1	O	133431.mp4	900.png
901	1		1	O	133431.mp4	901.png
902	1		1	O	133431.mp4	902.png
903	1		1	O	133431.mp4	903.png
904	1		1	O	133431.mp4	904.png
905	1		1	O	133431.mp4	905.png
906	1		1	O	133431.mp4	906.png
907	1		1	O	133431.mp4	907.png
908	1		1	O	133431.mp4	908.png
909	1		1	O	133431.mp4	909.png
910	1		1	O	133431.mp4	910.png
911	1		1	O	133431.mp4	911.png
912	1		1	O	133431.mp4	912.png
913	1		1	O	133431.mp4	913.png
914	1		1	O	133431.mp4	914.png
915	1		1	O	133431.mp4	915.png
916	1		1	O	133431.mp4	916.png
917	1		1	O	133431.mp4	917.png
918	1		1	O	133431.mp4	918.png
919	1		1	O	133431.mp4	919.png
920	1		1	O	133431.mp4	920.png
921	1		1	O	133431.mp4	921.png
922	1		1	O	133431.mp4	922.png
923	1		1	O	133431.mp4	923.png
924	1		1	O	133431.mp4	924.png
925	1		1	O	133431.mp4	925.png
926	1		1	O	133431.mp4	926.png
927	1		1	O	133431.mp4	927.png
928	1		1	O	133431.mp4	928.png
929	1		1	O	133431.mp4	929.png
930	1		1	O	133431.mp4	930.png
931	1		1	O	133431.mp4	931.png
932	1		1	O	133431.mp4	932.png
933	1		1	O	133431.mp4	933.png
934	1		1	O	133431.mp4	934.png
935	1		1	O	133431.mp4	935.png
936	1		1	O	133431.mp4	936.png
937	1		1	O	133431.mp4	937.png
938	1		1	O	133431.mp4	938.png
939	1		1	O	133431.mp4	939.png
940	1		1	O	133431.mp4	940.png
941	1		1	O	133431.mp4	941.png
942	1		1	O	133431.mp4	942.png
943	1		1	O	133431.mp4	943.png
944	1		1	O	133431.mp4	944.png
945	1		1	O	133431.mp4	945.png
946	1		1	O	133431.mp4	946.png
947	1		1	O	133431.mp4	947.png
948	1		1	O	133431.mp4	948.png
949	1		1	O	133431.mp4	949.png
950	1		1	O	133431.mp4	950.png
951	1		1	O	133431.mp4	951.png
952	1		1	O	133431.mp4	952.png
953	1		1	O	133431.mp4	953.png
954	1		1	O	133431.mp4	954.png
955	1		1	O	133431.mp4	955.png
956	1		1	O	133431.mp4	956.png
957	1		1	O	133431.mp4	957.png
958	1		1	O	133431.mp4	958.png
959	1		1	O	133431.mp4	959.png
960	1		1	O	133431.mp4	960.png
961	1		1	O	133431.mp4	961.png
962	1		1	O	133431.mp4	962.png
963	1		1	O	133431.mp4	963.png
964	1		1	O	133431.mp4	964.png
965	1		1	O	133431.mp4	965.png
966	1		1	O	133431.mp4	966.png
967	1		1	O	133431.mp4	967.png
968	1		1	O	133431.mp4	968.png
969	1		1	O	133431.mp4	969.png
970	1		1	O	133431.mp4	970.png
971	1		1	O	133431.mp4	971.png
972	1		1	O	133431.mp4	972.png
973	1		1	O	133431.mp4	973.png
974	1		1	O	133431.mp4	974.png
975	1		1	O	133431.mp4	975.png
976	1		1	O	133431.mp4	976.png
977	1		1	O	133431.mp4	977.png
978	1		1	O	133431.mp4	978.png
979	1		1	O	133431.mp4	979.png
980	1		1	O	133431.mp4	980.png
981	1		1	O	133431.mp4	981.png
982	1		1	O	133431.mp4	982.png
983	1		1	O	133431.mp4	983.png
984	1		1	O	133431.mp4	984.png
985	1		1	O	133431.mp4	985.png
986	1		1	O	133431.mp4	986.png
987	1		1	O	133431.mp4	987.png
988	1		1	O	133431.mp4	988.png
989	1		1	O	133431.mp4	989.png
990	1		1	O	133431.mp4	990.png
991	1		1	O	133431.mp4	991.png
992	1		1	O	133431.mp4	992.png
993	1		1	O	133431.mp4	993.png
994	1		1	O	133431.mp4	994.png
995	1		1	O	133431.mp4	995.png
996	1		1	O	133431.mp4	996.png
997	1		1	O	133431.mp4	997.png
998	1		1	O	133431.mp4	998.png
999	1		1	O	133431.mp4	999.png
1000	1		1	O	133431.mp4	1000.png
1001	1		1	O	133431.mp4	1001.png
1002	1		1	O	133431.mp4	1002.png
1003	1		1	O	133431.mp4	1003.png
1004	1		1	O	133431.mp4	1004.png
1005	1		1	O	133431.mp4	1005.png
1006	1		1	O	133431.mp4	1006.png
1007	1		1	O	133431.mp4	1007.png
1008	1		1	O	133431.mp4	1008.png
1009	1		1	O	133431.mp4	1009.png
1010	1		1	O	133431.mp4	1010.png
1011	1		1	O	133431.mp4	1011.png
1012	1		1	O	133431.mp4	1012.png
1013	1		1	O	133431.mp4	1013.png
1014	1		1	O	133431.mp4	1014.png
1015	1		1	O	133431.mp4	1015.png
1016	1		1	O	133431.mp4	1016.png
1017	1		1	O	133431.mp4	1017.png
1018	1		1	O	133431.mp4	1018.png
1019	1		1	O	133431.mp4	1019.png
1020	1		1	O	133431.mp4	1020.png
1021	1		1	O	133431.mp4	1021.png
1022	1		1	O	133431.mp4	1022.png
1023	1		1	O	133431.mp4	1023.png
1024	1		1	O	133431.mp4	1024.png
1025	1		1	O	133431.mp4	1025.png
1026	1		1	O	133431.mp4	1026.png
1027	1		1	O	133431.mp4	1027.png
1028	1		1	O	133431.mp4	1028.png
1029	1		1	O	133431.mp4	1029.png
1030	1		1	O	133431.mp4	1030.png
1031	1		1	O	133431.mp4	1031.png
1032	1		1	O	133431.mp4	1032.png
1033	1		1	O	133431.mp4	1033.png
1034	1		1	O	133431.mp4	1034.png
1035	1		1	O	133431.mp4	1035.png
1036	1		1	O	133431.mp4	1036.png
1037	1		1	B	133556.mp4	1037.png
1038	1		1	B	133556.mp4	1038.png
1039	1		1	B	133556.mp4	1039.png
1040	1		1	B	133556.mp4	1040.png
1041	1		1	B	133556.mp4	1041.png
1042	1		1	B	133556.mp4	1042.png
1043	1		1	B	133556.mp4	1043.png
1044	1		1	B	133556.mp4	1044.png
1045	1		1	B	133556.mp4	1045.png
1046	1		1	B	133556.mp4	1046.png
1047	1		1	B	133556.mp4	1047.png
1048	1		1	B	133556.mp4	1048.png
1049	1		1	B	133556.mp4	1049.png
1050	1		1	B	133556.mp4	1050.png
1051	1		1	B	133556.mp4	1051.png
1052	1		1	B	133556.mp4	1052.png
1053	1		1	B	133556.mp4	1053.png
1054	1		1	B	133556.mp4	1054.png
1055	1		1	B	133556.mp4	1055.png
1056	1		1	B	133556.mp4	1056.png
1057	1		1	B	133556.mp4	1057.png
1058	1		1	B	133556.mp4	1058.png
1059	1		1	B	133556.mp4	1059.png
1060	1		1	B	133556.mp4	1060.png
1061	1		1	B	133556.mp4	1061.png
1062	1		1	B	133556.mp4	1062.png
1063	1		1	B	133556.mp4	1063.png
1064	1		1	B	133556.mp4	1064.png
1065	1		1	B	133556.mp4	1065.png
1066	1		1	B	133556.mp4	1066.png
1067	1		1	B	133556.mp4	1067.png
1068	1		1	B	133556.mp4	1068.png
1069	1		1	B	133556.mp4	1069.png
1070	1		1	B	133556.mp4	1070.png
1071	1		1	B	133556.mp4	1071.png
1072	1		1	B	133556.mp4	1072.png
1073	1		1	B	133556.mp4	1073.png
1074	1		1	B	133556.mp4	1074.png
1075	1		1	B	133556.mp4	1075.png
1076	1		1	B	133556.mp4	1076.png
1077	1		1	B	133556.mp4	1077.png
1078	1		1	B	133556.mp4	1078.png
1079	1		1	B	133556.mp4	1079.png
1080	1		1	B	133556.mp4	1080.png
1081	1		1	B	133556.mp4	1081.png
1082	1		1	B	133556.mp4	1082.png
1083	1		1	B	133556.mp4	1083.png
1084	1		1	B	133556.mp4	1084.png
1085	1		1	B	133556.mp4	1085.png
1086	1		1	B	133556.mp4	1086.png
1087	1		1	B	133556.mp4	1087.png
1088	1		1	B	133556.mp4	1088.png
1089	1		1	B	133556.mp4	1089.png
1090	1		1	B	133556.mp4	1090.png
1091	1		1	B	133556.mp4	1091.png
1092	1		1	B	133556.mp4	1092.png
1093	1		1	B	133556.mp4	1093.png
1094	1		1	B	133556.mp4	1094.png
1095	1		1	B	133556.mp4	1095.png
1096	1		1	B	133556.mp4	1096.png
1097	1		1	B	133556.mp4	1097.png
1098	1		1	B	133556.mp4	1098.png
1099	1		1	B	133556.mp4	1099.png
1100	1		1	B	133556.mp4	1100.png
1101	1		1	B	133556.mp4	1101.png
1102	1		1	B	133556.mp4	1102.png
1103	1		1	B	133556.mp4	1103.png
1104	1		1	B	133556.mp4	1104.png
1105	1		1	B	133556.mp4	1105.png
1106	1		1	B	133556.mp4	1106.png
1107	1		1	B	133556.mp4	1107.png
1108	1		1	B	133556.mp4	1108.png
1109	1		1	B	133556.mp4	1109.png
1110	1		1	B	133556.mp4	1110.png
1111	1		1	B	133556.mp4	1111.png
1112	1		1	B	133556.mp4	1112.png
1113	1		1	B	133556.mp4	1113.png
1114	1		1	B	133556.mp4	1114.png
1115	1		1	B	133556.mp4	1115.png
1116	1		1	B	133556.mp4	1116.png
1117	1		1	B	133556.mp4	1117.png
1118	1		1	B	133556.mp4	1118.png
1119	1		1	B	133556.mp4	1119.png
1120	1		1	B	133556.mp4	1120.png
1121	1		1	B	133556.mp4	1121.png
1122	1		1	B	133556.mp4	1122.png
1123	1		1	B	133556.mp4	1123.png
1124	1		1	B	133556.mp4	1124.png
1125	1		1	B	133556.mp4	1125.png
1126	1		1	B	133556.mp4	1126.png
1127	1		1	B	133556.mp4	1127.png
1128	1		1	B	133556.mp4	1128.png
1129	1		1	B	133556.mp4	1129.png
1130	1		1	B	133556.mp4	1130.png
1131	1		1	B	133556.mp4	1131.png
1132	1		1	B	133556.mp4	1132.png
1133	1		1	B	133556.mp4	1133.png
1134	1		1	B	133556.mp4	1134.png
1135	1		1	B	133556.mp4	1135.png
1136	1		1	B	133556.mp4	1136.png
1137	1		1	B	133556.mp4	1137.png
1138	1		1	B	133556.mp4	1138.png
1139	1		1	B	133556.mp4	1139.png
1140	1		1	B	133556.mp4	1140.png
1141	1		1	B	133556.mp4	1141.png
1142	1		1	B	133556.mp4	1142.png
1143	1		1	B	133556.mp4	1143.png
1144	1		1	B	133556.mp4	1144.png
1145	1		1	B	133556.mp4	1145.png
1146	1		1	B	133556.mp4	1146.png
1147	1		1	B	133556.mp4	1147.png
1148	1		1	B	133556.mp4	1148.png
1149	1		1	B	133556.mp4	1149.png
1150	1		1	B	133556.mp4	1150.png
1151	1		1	B	133556.mp4	1151.png
1152	1		1	B	133556.mp4	1152.png
1153	1		1	B	133556.mp4	1153.png
1154	1		1	B	133556.mp4	1154.png
1155	1		1	B	133556.mp4	1155.png
1156	1		1	B	133556.mp4	1156.png
1157	1		1	B	133556.mp4	1157.png
1158	1		1	B	133556.mp4	1158.png
1159	1		1	B	133556.mp4	1159.png
1160	1		1	B	133556.mp4	1160.png
1161	1		1	B	133556.mp4	1161.png
1162	1		1	B	133556.mp4	1162.png
1163	1		1	B	133556.mp4	1163.png
1164	1		1	B	133556.mp4	1164.png
1165	1		1	B	133556.mp4	1165.png
1166	1		1	B	133556.mp4	1166.png
1167	1		1	B	133556.mp4	1167.png
1168	1		1	B	133556.mp4	1168.png
1169	1		1	B	133556.mp4	1169.png
1170	1		1	B	133556.mp4	1170.png
1171	1		1	B	133556.mp4	1171.png
1172	1		1	B	133556.mp4	1172.png
1173	1		1	B	133556.mp4	1173.png
1174	1		1	B	133556.mp4	1174.png
1175	1		1	B	133556.mp4	1175.png
1176	1		1	B	133556.mp4	1176.png
1177	1		1	B	133556.mp4	1177.png
1178	1		1	B	133556.mp4	1178.png
1179	1		1	B	133556.mp4	1179.png
1180	1		1	B	133556.mp4	1180.png
1181	1		1	B	133556.mp4	1181.png
1182	1		1	B	133556.mp4	1182.png
1183	1		1	B	133556.mp4	1183.png
1184	1		1	B	133556.mp4	1184.png
1185	1		1	B	133556.mp4	1185.png
1186	1		1	B	133556.mp4	1186.png
1187	1		1	B	133556.mp4	1187.png
1188	1		1	B	133556.mp4	1188.png
1189	1		1	B	133556.mp4	1189.png
1190	1		1	B	133556.mp4	1190.png
1191	1		1	B	133556.mp4	1191.png
1192	1		1	B	133556.mp4	1192.png
1193	1		1	B	133556.mp4	1193.png
1194	1		1	B	133556.mp4	1194.png
1195	1		1	B	133556.mp4	1195.png
1196	1		1	B	133556.mp4	1196.png
1197	1		1	B	133556.mp4	1197.png
1198	1		1	B	133556.mp4	1198.png
1199	1		1	B	133556.mp4	1199.png
1200	1		1	B	133556.mp4	1200.png
1201	1		1	B	133556.mp4	1201.png
1202	1		1	B	133556.mp4	1202.png
1203	1		1	B	133556.mp4	1203.png
1204	1		1	B	133556.mp4	1204.png
1205	1		1	B	133556.mp4	1205.png
1206	1		1	B	133556.mp4	1206.png
1207	1		1	B	133556.mp4	1207.png
1208	1		1	B	133556.mp4	1208.png
1209	1		1	B	133556.mp4	1209.png
1210	1		1	B	133556.mp4	1210.png
1211	1		1	B	133556.mp4	1211.png
1212	1		1	B	133556.mp4	1212.png
1213	1		1	B	133556.mp4	1213.png
1214	1		1	B	133556.mp4	1214.png
1215	1		1	B	133556.mp4	1215.png
1216	1		1	B	133556.mp4	1216.png
1217	1		1	B	133556.mp4	1217.png
1218	1		1	B	133556.mp4	1218.png
1219	1		1	B	133556.mp4	1219.png
1220	1		1	B	133556.mp4	1220.png
1221	1		1	B	133556.mp4	1221.png
1222	1		1	B	133556.mp4	1222.png
1223	1		1	B	133556.mp4	1223.png
1224	1		1	B	133556.mp4	1224.png
1225	1		1	B	133556.mp4	1225.png
1226	1		1	B	133556.mp4	1226.png
1227	1		1	B	133556.mp4	1227.png
1228	1		1	W	133358.mp4	1228.png
1229	1		1	W	133358.mp4	1229.png
1230	1		1	W	133358.mp4	1230.png
1231	1		1	W	133358.mp4	1231.png
1232	1		1	W	133358.mp4	1232.png
1233	1		1	W	133358.mp4	1233.png
1234	1		1	W	133358.mp4	1234.png
1235	1		1	W	133358.mp4	1235.png
1236	1		1	W	133358.mp4	1236.png
1237	1		1	W	133358.mp4	1237.png
1238	1		1	W	133358.mp4	1238.png
1239	1		1	W	133358.mp4	1239.png
1240	1		1	W	133358.mp4	1240.png
1241	1		1	W	133358.mp4	1241.png
1242	1		1	W	133358.mp4	1242.png
1243	1		1	W	133358.mp4	1243.png
1244	1		1	W	133358.mp4	1244.png
1245	1		1	W	133358.mp4	1245.png
1246	1		1	W	133358.mp4	1246.png
1247	1		1	W	133358.mp4	1247.png
1248	1		1	W	133358.mp4	1248.png
1249	1		1	W	133358.mp4	1249.png
1250	1		1	W	133358.mp4	1250.png
1251	1		1	W	133358.mp4	1251.png
1252	1		1	W	133358.mp4	1252.png
1253	1		1	W	133358.mp4	1253.png
1254	1		1	W	133358.mp4	1254.png
1255	1		1	W	133358.mp4	1255.png
1256	1		1	W	133358.mp4	1256.png
1257	1		1	W	133358.mp4	1257.png
1258	1		1	W	133358.mp4	1258.png
1259	1		1	W	133358.mp4	1259.png
1260	1		1	W	133358.mp4	1260.png
1261	1		1	W	133358.mp4	1261.png
1262	1		1	W	133358.mp4	1262.png
1263	1		1	W	133358.mp4	1263.png
1264	1		1	W	133358.mp4	1264.png
1265	1		1	W	133358.mp4	1265.png
1266	1		1	W	133358.mp4	1266.png
1267	1		1	W	133358.mp4	1267.png
1268	1		1	W	133358.mp4	1268.png
1269	1		1	W	133358.mp4	1269.png
1270	1		1	W	133358.mp4	1270.png
1271	1		1	W	133358.mp4	1271.png
1272	1		1	W	133358.mp4	1272.png
1273	1		1	W	133358.mp4	1273.png
1274	1		1	W	133358.mp4	1274.png
1275	1		1	W	133358.mp4	1275.png
1276	1		1	W	133358.mp4	1276.png
1277	1		1	W	133358.mp4	1277.png
1278	1		1	W	133358.mp4	1278.png
1279	1		1	W	133358.mp4	1279.png
1280	1		1	W	133358.mp4	1280.png
1281	1		1	W	133358.mp4	1281.png
1282	1		1	W	133358.mp4	1282.png
1283	1		1	W	133358.mp4	1283.png
1284	1		1	W	133358.mp4	1284.png
1285	1		1	W	133358.mp4	1285.png
1286	1		1	W	133358.mp4	1286.png
1287	1		1	W	133358.mp4	1287.png
1288	1		1	W	133358.mp4	1288.png
1289	1		1	W	133358.mp4	1289.png
1290	1		1	W	133358.mp4	1290.png
1291	1		1	W	133358.mp4	1291.png
1292	1		1	W	133358.mp4	1292.png
1293	1		1	W	133358.mp4	1293.png
1294	1		1	W	133358.mp4	1294.png
1295	1		1	W	133358.mp4	1295.png
1296	1		1	W	133358.mp4	1296.png
1297	1		1	W	133358.mp4	1297.png
1298	1		1	W	133358.mp4	1298.png
1299	1		1	W	133358.mp4	1299.png
1300	1		1	W	133358.mp4	1300.png
1301	1		1	W	133358.mp4	1301.png
1302	1		1	W	133358.mp4	1302.png
1303	1		1	W	133358.mp4	1303.png
1304	1		1	W	133358.mp4	1304.png
1305	1		1	W	133358.mp4	1305.png
1306	1		1	W	133358.mp4	1306.png
1307	1		1	W	133358.mp4	1307.png
1308	1		1	W	133358.mp4	1308.png
1309	1		1	W	133358.mp4	1309.png
1310	1		1	W	133358.mp4	1310.png
1311	1		1	W	133358.mp4	1311.png
1312	1		1	W	133358.mp4	1312.png
1313	1		1	W	133358.mp4	1313.png
1314	1		1	W	133358.mp4	1314.png
1315	1		1	W	133358.mp4	1315.png
1316	1		1	W	133358.mp4	1316.png
1317	1		1	W	133358.mp4	1317.png
1318	1		1	W	133358.mp4	1318.png
1319	1		1	W	133358.mp4	1319.png
1320	1		1	W	133358.mp4	1320.png
1321	1		1	W	133358.mp4	1321.png
1322	1		1	W	133358.mp4	1322.png
1323	1		1	W	133358.mp4	1323.png
1324	1		1	W	133358.mp4	1324.png
1325	1		1	W	133358.mp4	1325.png
1326	1		1	W	133358.mp4	1326.png
1327	1		1	W	133358.mp4	1327.png
1328	1		1	W	133358.mp4	1328.png
1329	1		1	W	133358.mp4	1329.png
1330	1		1	W	133358.mp4	1330.png
1331	1		1	W	133358.mp4	1331.png
1332	1		1	W	133358.mp4	1332.png
1333	1		1	W	133358.mp4	1333.png
1334	1		1	W	133358.mp4	1334.png
1335	1		1	W	133358.mp4	1335.png
1336	1		1	W	133358.mp4	1336.png
1337	1		1	W	133358.mp4	1337.png
1338	1		1	W	133358.mp4	1338.png
1339	1		1	W	133358.mp4	1339.png
1340	1		1	W	133358.mp4	1340.png
1341	1		1	W	133358.mp4	1341.png
1342	1		1	W	133358.mp4	1342.png
1343	1		1	W	133358.mp4	1343.png
1344	1		1	W	133358.mp4	1344.png
1345	1		1	W	133358.mp4	1345.png
1346	1		1	W	133358.mp4	1346.png
1347	1		1	W	133358.mp4	1347.png
1348	1		1	W	133358.mp4	1348.png
1349	1		1	W	133358.mp4	1349.png
1350	1		1	W	133358.mp4	1350.png
1351	1		1	W	133358.mp4	1351.png
1352	1		1	W	133358.mp4	1352.png
1353	1		1	W	133358.mp4	1353.png
1354	1		1	W	133358.mp4	1354.png
1355	1		1	W	133358.mp4	1355.png
1356	1		1	W	133358.mp4	1356.png
1357	1		1	W	133358.mp4	1357.png
1358	1		1	W	133358.mp4	1358.png
1359	1		1	W	133358.mp4	1359.png
1360	1		1	W	133358.mp4	1360.png
1361	1		1	W	133358.mp4	1361.png
1362	1		1	W	133358.mp4	1362.png
1363	1		1	W	133358.mp4	1363.png
1364	1		1	W	133358.mp4	1364.png
1365	1		1	W	133358.mp4	1365.png
1366	1		1	W	133358.mp4	1366.png
1367	1		1	W	133358.mp4	1367.png
1368	1		1	W	133358.mp4	1368.png
1369	1		1	W	133358.mp4	1369.png
1370	1		1	W	133358.mp4	1370.png
1371	1		1	W	133358.mp4	1371.png
1372	1		1	W	133358.mp4	1372.png
1373	1		1	W	133358.mp4	1373.png
1374	1		1	W	133358.mp4	1374.png
1375	1		1	W	133358.mp4	1375.png
1376	1		1	W	133358.mp4	1376.png
1377	1		1	W	133358.mp4	1377.png
1378	1		1	W	133358.mp4	1378.png
1379	1		1	W	133358.mp4	1379.png
1380	1		1	W	133358.mp4	1380.png
1381	1		1	W	133358.mp4	1381.png
1382	1		1	W	133358.mp4	1382.png
1383	1		1	W	133358.mp4	1383.png
1384	1		1	W	133358.mp4	1384.png
1385	1		1	W	133358.mp4	1385.png
1386	1		1	W	133358.mp4	1386.png
1387	1		1	W	133358.mp4	1387.png
1388	1		1	W	133358.mp4	1388.png
1389	1		1	W	133358.mp4	1389.png
1390	1		1	W	133358.mp4	1390.png
1391	1		1	W	133358.mp4	1391.png
1392	1		1	W	133358.mp4	1392.png
1393	1		1	W	133358.mp4	1393.png
1394	1		1	W	133358.mp4	1394.png
1395	1		1	W	133358.mp4	1395.png
1396	1		1	W	133358.mp4	1396.png
1397	1		1	W	133358.mp4	1397.png
1398	1		1	W	133358.mp4	1398.png
1399	1		1	W	133358.mp4	1399.png
1400	1		1	W	133358.mp4	1400.png
1401	1		1	W	133358.mp4	1401.png
1402	1		1	W	133358.mp4	1402.png
1403	1		1	W	133358.mp4	1403.png
1404	1		1	W	133358.mp4	1404.png
1405	1		1	W	133358.mp4	1405.png
1406	1		1	W	133358.mp4	1406.png
1407	1		1	W	133358.mp4	1407.png
1408	1		1	W	133358.mp4	1408.png
1409	1		1	W	133358.mp4	1409.png
1410	1		1	W	133358.mp4	1410.png
1411	1		1	W	133358.mp4	1411.png
1412	1		1	W	133358.mp4	1412.png
1413	1		1	W	133358.mp4	1413.png
1414	1		1	W	133358.mp4	1414.png
1415	1		1	W	133358.mp4	1415.png
1416	1		1	W	133358.mp4	1416.png
1417	1		1	W	133358.mp4	1417.png
1418	1		1	W	133358.mp4	1418.png
1419	1		1	W	133358.mp4	1419.png
1420	1		1	W	133358.mp4	1420.png
1421	1		1	W	133358.mp4	1421.png
1422	1		1	W	133358.mp4	1422.png
1423	1		1	W	133358.mp4	1423.png
1424	1		1	W	133358.mp4	1424.png
1425	1		1	W	133358.mp4	1425.png
1426	1		1	W	133358.mp4	1426.png
1427	1		1	W	133358.mp4	1427.png
1428	1		1	W	133358.mp4	1428.png
1429	1		1	W	133358.mp4	1429.png
1430	1		1	W	133358.mp4	1430.png
1431	1		1	W	133358.mp4	1431.png
1432	1		1	W	133358.mp4	1432.png
1433	1		1	W	133358.mp4	1433.png
1434	1		1	W	133358.mp4	1434.png
1435	1		1	W	133358.mp4	1435.png
1436	1		1	W	133358.mp4	1436.png
1437	1		1	W	133358.mp4	1437.png
1438	1		1	W	133358.mp4	1438.png
1439	1		1	W	133358.mp4	1439.png
1440	1		1	W	133358.mp4	1440.png
1441	1		1	W	133358.mp4	1441.png
1442	1		1	W	133358.mp4	1442.png
1443	1		1	W	133358.mp4	1443.png
1444	1		1	W	133358.mp4	1444.png
1445	1		1	W	133358.mp4	1445.png
1446	1		1	W	133358.mp4	1446.png
1447	1		1	W	133358.mp4	1447.png
1448	1		1	W	133358.mp4	1448.png
1449	1		1	W	133358.mp4	1449.png
1450	1		1	W	133358.mp4	1450.png
1451	1		1	W	133358.mp4	1451.png
1452	1		1	W	133358.mp4	1452.png
1453	1		1	W	133358.mp4	1453.png
1454	1		1	W	133358.mp4	1454.png
1455	1		1	W	133358.mp4	1455.png
1456	1		1	W	133358.mp4	1456.png
1457	1		1	W	133358.mp4	1457.png
1458	1		1	W	133358.mp4	1458.png
1459	1		1	W	133358.mp4	1459.png
1460	1		1	W	133358.mp4	1460.png
1461	1		1	W	133358.mp4	1461.png
1462	1		1	W	133358.mp4	1462.png
1463	1		1	W	133358.mp4	1463.png
1464	1		1	W	133358.mp4	1464.png
1465	1		1	W	133358.mp4	1465.png
1466	1		1	W	133358.mp4	1466.png
1467	1		1	W	133358.mp4	1467.png
1468	1		1	W	133358.mp4	1468.png
1469	1		1	W	133358.mp4	1469.png
1470	1		1	W	133358.mp4	1470.png
1471	1		1	W	133358.mp4	1471.png
1472	1		1	W	133358.mp4	1472.png
1473	1		1	W	133358.mp4	1473.png
1474	1		1	W	133358.mp4	1474.png
1475	1		1	W	133358.mp4	1475.png
1476	1		1	W	133358.mp4	1476.png
1477	1		1	W	133358.mp4	1477.png
1478	1		1	W	133358.mp4	1478.png
1479	1		1	W	133358.mp4	1479.png
1480	1		1	W	133358.mp4	1480.png
1481	1		1	W	133358.mp4	1481.png
1482	1		1	W	133358.mp4	1482.png
1483	1		1	W	133358.mp4	1483.png
1484	1		1	W	133358.mp4	1484.png
1485	1		1	W	133358.mp4	1485.png
1486	1		1	W	133358.mp4	1486.png
1487	1		1	W	133358.mp4	1487.png
1488	1		1	W	133358.mp4	1488.png
1489	1		1	W	133358.mp4	1489.png
1490	1		1	W	133358.mp4	1490.png
1491	1		1	W	133358.mp4	1491.png
1492	1		1	W	133358.mp4	1492.png
1493	1		1	W	133358.mp4	1493.png
1494	1		1	W	133358.mp4	1494.png
1495	1		1	W	133358.mp4	1495.png
1496	1		1	W	133358.mp4	1496.png
1497	1		1	W	133358.mp4	1497.png
1498	1		1	W	133358.mp4	1498.png
1499	1		1	W	133358.mp4	1499.png
1500	1		1	W	133358.mp4	1500.png
1501	1		1	W	133358.mp4	1501.png
1502	1		1	W	133358.mp4	1502.png
1503	1		1	W	133358.mp4	1503.png
1504	1		1	W	133358.mp4	1504.png
1505	1		1	W	133358.mp4	1505.png
1506	1		1	W	133358.mp4	1506.png
1507	1		1	W	133358.mp4	1507.png
1508	1		1	W	133358.mp4	1508.png
1509	1		1	W	133358.mp4	1509.png
1510	1		1	W	133358.mp4	1510.png
1511	1		1	W	133358.mp4	1511.png
1512	1		1	W	133358.mp4	1512.png
1513	1		1	W	133358.mp4	1513.png
1514	1		1	W	133358.mp4	1514.png
1515	1		1	W	133358.mp4	1515.png
1516	1		1	W	133358.mp4	1516.png
1517	1		1	W	133358.mp4	1517.png
1518	1		1	W	133358.mp4	1518.png
1519	1		1	W	133358.mp4	1519.png
1520	1		1	W	133358.mp4	1520.png
1521	1		1	W	133358.mp4	1521.png
1522	1		1	W	133358.mp4	1522.png
1523	1		1	W	133358.mp4	1523.png
1524	1		1	W	133358.mp4	1524.png
1525	1		1	W	133358.mp4	1525.png
1526	1		1	W	133358.mp4	1526.png
1527	1		1	W	133358.mp4	1527.png
1528	1		1	W	133358.mp4	1528.png
1529	1		1	W	133358.mp4	1529.png
1530	1		1	W	133358.mp4	1530.png
1531	1		1	W	133358.mp4	1531.png
1532	1		1	W	133358.mp4	1532.png
1533	1		1	W	133358.mp4	1533.png
1534	1		1	W	133358.mp4	1534.png
1535	1		1	W	133358.mp4	1535.png
1536	1		1	W	133358.mp4	1536.png
1537	1		1	W	133358.mp4	1537.png
1538	1		1	W	133358.mp4	1538.png
1539	1		1	W	133358.mp4	1539.png
1540	1		1	W	133358.mp4	1540.png
1541	1		1	W	133358.mp4	1541.png
1542	1		1	W	133358.mp4	1542.png
1543	1		1	W	133358.mp4	1543.png
1544	1		1	W	133358.mp4	1544.png
1545	1		1	W	133358.mp4	1545.png
1546	1		1	W	133358.mp4	1546.png
1547	1		1	W	133358.mp4	1547.png
1548	1		1	W	133358.mp4	1548.png
1549	1		1	W	133358.mp4	1549.png
1550	1		1	W	133358.mp4	1550.png
1551	1		1	W	133358.mp4	1551.png
1552	1		1	W	133358.mp4	1552.png
1553	1		1	W	133358.mp4	1553.png
1554	1		1	W	133358.mp4	1554.png
1555	1		1	W	133358.mp4	1555.png
1556	1		1	W	133358.mp4	1556.png
1557	1		1	W	133358.mp4	1557.png
1558	1		1	W	133358.mp4	1558.png
1559	1		1	W	133358.mp4	1559.png
1560	1		1	W	133358.mp4	1560.png
1561	1		1	W	133358.mp4	1561.png
1562	1		1	W	133358.mp4	1562.png
1563	1		1	W	133358.mp4	1563.png
1564	1		1	W	133358.mp4	1564.png
1565	1		1	W	133358.mp4	1565.png
1566	1		1	W	133358.mp4	1566.png
1567	1		1	W	133358.mp4	1567.png
1568	1		1	W	133358.mp4	1568.png
1569	1		1	W	133358.mp4	1569.png
1570	1		1	W	133358.mp4	1570.png
1571	1		1	W	133358.mp4	1571.png
1572	1		1	W	133358.mp4	1572.png
1573	1		1	W	133358.mp4	1573.png
1574	1		1	W	133358.mp4	1574.png
1575	1		1	W	133358.mp4	1575.png
1576	1		1	W	133358.mp4	1576.png
1577	1		1	W	133358.mp4	1577.png
1578	1		1	W	133358.mp4	1578.png
1579	1		1	W	133358.mp4	1579.png
1580	1		1	W	133358.mp4	1580.png
1581	1		1	W	133358.mp4	1581.png
1582	1		1	W	133358.mp4	1582.png
1583	1		1	W	133358.mp4	1583.png
1584	1		1	W	133358.mp4	1584.png
1585	1		1	W	133358.mp4	1585.png
1586	1		1	W	133358.mp4	1586.png
1587	1		1	W	133358.mp4	1587.png
1588	1		1	W	133358.mp4	1588.png
1589	1		1	W	133358.mp4	1589.png
1590	1		1	W	133358.mp4	1590.png
1591	1		1	W	133358.mp4	1591.png
1592	1		1	W	133358.mp4	1592.png
1593	1		1	W	133358.mp4	1593.png
1594	1		1	W	133358.mp4	1594.png
1595	1		1	W	133358.mp4	1595.png
1596	1		1	W	133358.mp4	1596.png
1597	1		1	W	133358.mp4	1597.png
1598	1		1	W	133358.mp4	1598.png
1599	1		1	W	133358.mp4	1599.png
1600	1		1	W	133358.mp4	1600.png
1601	1		1	W	133358.mp4	1601.png
1602	1		1	W	133358.mp4	1602.png
1603	1		1	W	133358.mp4	1603.png
1604	1		1	W	133358.mp4	1604.png
1605	1		1	Y	151652.mp4	1605.png
1606	1		1	Y	151652.mp4	1606.png
1607	1		1	Y	151652.mp4	1607.png
1608	1		1	Y	151652.mp4	1608.png
1609	1		1	Y	151652.mp4	1609.png
1610	1		1	Y	151652.mp4	1610.png
1611	1		1	Y	151652.mp4	1611.png
1612	1		1	Y	151652.mp4	1612.png
1613	1		1	Y	151652.mp4	1613.png
1614	1		1	Y	151652.mp4	1614.png
1615	1		1	Y	151652.mp4	1615.png
1616	1		1	Y	151652.mp4	1616.png
1617	1		1	Y	151652.mp4	1617.png
1618	1		1	Y	151652.mp4	1618.png
1619	1		1	Y	151652.mp4	1619.png
1620	1		1	Y	151652.mp4	1620.png
1621	1		1	Y	151652.mp4	1621.png
1622	1		1	Y	151652.mp4	1622.png
1623	1		1	Y	151652.mp4	1623.png
1624	1		1	Y	151652.mp4	1624.png
1625	1		1	Y	151652.mp4	1625.png
1626	1		1	Y	151652.mp4	1626.png
1627	1		1	Y	151652.mp4	1627.png
1628	1		1	Y	151652.mp4	1628.png
1629	1		1	Y	151652.mp4	1629.png
1630	1		1	Y	151652.mp4	1630.png
1631	1		1	Y	151652.mp4	1631.png
1632	1		1	Y	151652.mp4	1632.png
1633	1		1	Y	151652.mp4	1633.png
1634	1		1	Y	151652.mp4	1634.png
1635	1		1	Y	151652.mp4	1635.png
1636	1		1	Y	151652.mp4	1636.png
1637	1		1	Y	151652.mp4	1637.png
1638	1		1	Y	151652.mp4	1638.png
1639	1		1	Y	151652.mp4	1639.png
1640	1		1	Y	151652.mp4	1640.png
1641	1		1	Y	151652.mp4	1641.png
1642	1		1	Y	151652.mp4	1642.png
1643	1		1	Y	151652.mp4	1643.png
1644	1		1	Y	151652.mp4	1644.png
1645	1		1	Y	151652.mp4	1645.png
1646	1		1	Y	151652.mp4	1646.png
1647	1		1	Y	151652.mp4	1647.png
1648	1		1	Y	151652.mp4	1648.png
1649	1		1	Y	151652.mp4	1649.png
1650	1		1	Y	151652.mp4	1650.png
1651	1		1	Y	151652.mp4	1651.png
1652	1		1	Y	151652.mp4	1652.png
1653	1		1	Y	151652.mp4	1653.png
1654	1		1	Y	151652.mp4	1654.png
1655	1		1	Y	151652.mp4	1655.png
1656	1		1	Y	151652.mp4	1656.png
1657	1		1	Y	151652.mp4	1657.png
1658	1		1	Y	151652.mp4	1658.png
1659	1		1	Y	151652.mp4	1659.png
1660	1		1	Y	151652.mp4	1660.png
1661	1		1	Y	151652.mp4	1661.png
1662	1		1	Y	151652.mp4	1662.png
1663	1		1	Y	151652.mp4	1663.png
1664	1		1	Y	151652.mp4	1664.png
1665	1		1	Y	151652.mp4	1665.png
1666	1		1	Y	151652.mp4	1666.png
1667	1		1	Y	151652.mp4	1667.png
1668	1		1	Y	151652.mp4	1668.png
1669	1		1	Y	151652.mp4	1669.png
1670	1		1	Y	151652.mp4	1670.png
1671	1		1	Y	151652.mp4	1671.png
1672	1		1	Y	151652.mp4	1672.png
1673	1		1	Y	151652.mp4	1673.png
1674	1		1	Y	151652.mp4	1674.png
1675	1		1	Y	151652.mp4	1675.png
1676	1		1	Y	151652.mp4	1676.png
1677	1		1	Y	151652.mp4	1677.png
1678	1		1	Y	151652.mp4	1678.png
1679	1		1	Y	151652.mp4	1679.png
1680	1		1	Y	151652.mp4	1680.png
1681	1		1	Y	151652.mp4	1681.png
1682	1		1	Y	151652.mp4	1682.png
1683	1		1	Y	151652.mp4	1683.png
1684	1		1	B	133840.mp4	1684.png
1685	1		1	B	133840.mp4	1685.png
1686	1		1	B	133840.mp4	1686.png
1687	1		1	B	133840.mp4	1687.png
1688	1		1	B	133840.mp4	1688.png
1689	1		1	B	133840.mp4	1689.png
1690	1		1	B	133840.mp4	1690.png
1691	1		1	B	133840.mp4	1691.png
1692	1		1	B	133840.mp4	1692.png
1693	1		1	B	133840.mp4	1693.png
1694	1		1	B	133840.mp4	1694.png
1695	1		1	B	133840.mp4	1695.png
1696	1		1	B	133840.mp4	1696.png
1697	1		1	B	133840.mp4	1697.png
1698	1		1	B	133840.mp4	1698.png
1699	1		1	B	133840.mp4	1699.png
1700	1		1	B	133840.mp4	1700.png
1701	1		1	B	133840.mp4	1701.png
1702	1		1	B	133840.mp4	1702.png
1703	1		1	B	133840.mp4	1703.png
1704	1		1	B	133840.mp4	1704.png
1705	1		1	B	133840.mp4	1705.png
1706	1		1	B	133840.mp4	1706.png
1707	1		1	B	133840.mp4	1707.png
1708	1		1	B	133840.mp4	1708.png
1709	1		1	B	133840.mp4	1709.png
1710	1		1	B	133840.mp4	1710.png
1711	1		1	B	133840.mp4	1711.png
1712	1		1	B	133840.mp4	1712.png
1713	1		1	B	133840.mp4	1713.png
1714	1		1	B	133840.mp4	1714.png
1715	1		1	B	133840.mp4	1715.png
1716	1		1	B	133840.mp4	1716.png
1717	1		1	B	133840.mp4	1717.png
1718	1		1	B	133840.mp4	1718.png
1719	1		1	B	133840.mp4	1719.png
1720	1		1	B	133840.mp4	1720.png
1721	1		1	B	133840.mp4	1721.png
1722	1		1	B	133840.mp4	1722.png
1723	1		1	B	133840.mp4	1723.png
1724	1		1	B	133840.mp4	1724.png
1725	1		1	B	133840.mp4	1725.png
1726	1		1	B	133840.mp4	1726.png
1727	1		1	B	133840.mp4	1727.png
1728	1		1	B	133840.mp4	1728.png
1729	1		1	B	133840.mp4	1729.png
1730	1		1	B	133840.mp4	1730.png
1731	1		1	B	133840.mp4	1731.png
1732	1		1	B	133840.mp4	1732.png
1733	1		1	B	133840.mp4	1733.png
1734	1		1	B	133840.mp4	1734.png
1735	1		1	B	133840.mp4	1735.png
1736	1		1	B	133840.mp4	1736.png
1737	1		1	B	133840.mp4	1737.png
1738	1		1	B	133840.mp4	1738.png
1739	1		1	B	133840.mp4	1739.png
1740	1		1	B	133840.mp4	1740.png
1741	1		1	B	133840.mp4	1741.png
1742	1		1	B	133840.mp4	1742.png
1743	1		1	B	133840.mp4	1743.png
1744	1		1	B	133840.mp4	1744.png
1745	1		1	B	133840.mp4	1745.png
1746	1		1	B	133840.mp4	1746.png
1747	1		1	B	133840.mp4	1747.png
1748	1		1	B	133840.mp4	1748.png
1749	1		1	B	133840.mp4	1749.png
1750	1		1	B	133840.mp4	1750.png
1751	1		1	B	133840.mp4	1751.png
1752	1		1	B	133840.mp4	1752.png
1753	1		1	B	133840.mp4	1753.png
1754	1		1	B	133840.mp4	1754.png
1755	1		1	B	133840.mp4	1755.png
1756	1		1	B	133840.mp4	1756.png
1757	1		1	B	133840.mp4	1757.png
1758	1		1	B	133840.mp4	1758.png
1759	1		1	B	133840.mp4	1759.png
1760	1		1	B	133840.mp4	1760.png
1761	1		1	B	133840.mp4	1761.png
1762	1		1	B	133840.mp4	1762.png
1763	1		1	B	133840.mp4	1763.png
1764	1		1	B	133840.mp4	1764.png
1765	1		1	B	133840.mp4	1765.png
1766	1		1	B	133840.mp4	1766.png
1767	1		1	B	133840.mp4	1767.png
1768	1		1	B	133840.mp4	1768.png
1769	1		1	B	133840.mp4	1769.png
1770	1		1	B	133840.mp4	1770.png
1771	1		1	B	133840.mp4	1771.png
1772	1		1	B	133840.mp4	1772.png
1773	1		1	B	133840.mp4	1773.png
1774	1		1	B	133840.mp4	1774.png
1775	1		1	B	133840.mp4	1775.png
1776	1		1	B	133840.mp4	1776.png
1777	1		1	B	133840.mp4	1777.png
1778	1		1	B	133840.mp4	1778.png
1779	1		1	B	133840.mp4	1779.png
1780	1		1	B	133840.mp4	1780.png
1781	1		1	B	133840.mp4	1781.png
1782	1		1	B	133840.mp4	1782.png
1783	1		1	B	133840.mp4	1783.png
1784	1		1	B	133840.mp4	1784.png
1785	1		1	B	133840.mp4	1785.png
1786	1		1	B	133840.mp4	1786.png
1787	1		1	B	133840.mp4	1787.png
1788	1		1	B	133840.mp4	1788.png
1789	1		1	B	133840.mp4	1789.png
1790	1		1	B	133840.mp4	1790.png
1791	1		1	B	133840.mp4	1791.png
1792	1		1	B	133840.mp4	1792.png
1793	1		1	B	133840.mp4	1793.png
1794	1		1	B	133840.mp4	1794.png
1795	1		1	B	133840.mp4	1795.png
1796	1		1	B	133840.mp4	1796.png
1797	1		1	B	133840.mp4	1797.png
1798	1		1	B	133840.mp4	1798.png
1799	1		1	B	133840.mp4	1799.png
1800	1		1	B	133840.mp4	1800.png
1801	1		1	B	133840.mp4	1801.png
1802	1		1	B	133840.mp4	1802.png
1803	1		1	B	133840.mp4	1803.png
1804	1		1	B	133840.mp4	1804.png
1805	1		1	B	133840.mp4	1805.png
1806	1		1	B	133840.mp4	1806.png
1807	1		1	B	133840.mp4	1807.png
1808	1		1	B	133840.mp4	1808.png
1809	1		1	B	133840.mp4	1809.png
1810	1		1	B	133840.mp4	1810.png
1811	1		1	B	133840.mp4	1811.png
1812	1		1	B	133840.mp4	1812.png
1813	1		1	B	133840.mp4	1813.png
1814	1		1	B	133840.mp4	1814.png
1815	1		1	B	133840.mp4	1815.png
1816	1		1	B	133840.mp4	1816.png
1817	1		1	B	133840.mp4	1817.png
1818	1		1	B	133840.mp4	1818.png
1819	1		1	B	133840.mp4	1819.png
1820	1		1	B	133840.mp4	1820.png
1821	1		1	B	133840.mp4	1821.png
1822	1		1	B	133840.mp4	1822.png
1823	1		1	B	133840.mp4	1823.png
1824	1		1	B	133840.mp4	1824.png
1825	1		1	B	133840.mp4	1825.png
1826	1		1	B	133840.mp4	1826.png
1827	1		1	B	133840.mp4	1827.png
1828	1		1	B	133840.mp4	1828.png
1829	1		1	B	133840.mp4	1829.png
1830	1		1	B	133840.mp4	1830.png
1831	1		1	B	133840.mp4	1831.png
1832	1		1	B	133840.mp4	1832.png
1833	1		1	B	133840.mp4	1833.png
1834	1		1	B	133840.mp4	1834.png
1835	1		1	B	133840.mp4	1835.png
1836	1		1	B	133840.mp4	1836.png
1837	1		1	B	133840.mp4	1837.png
1838	1		1	B	133840.mp4	1838.png
1839	1		1	B	133840.mp4	1839.png
1840	1		1	B	133840.mp4	1840.png
1841	1		1	B	133840.mp4	1841.png
1842	1		1	B	133840.mp4	1842.png
1843	1		1	B	133840.mp4	1843.png
1844	1		1	B	133840.mp4	1844.png
1845	1		1	B	133840.mp4	1845.png
1846	1		1	B	133840.mp4	1846.png
1847	1		1	B	133840.mp4	1847.png
1848	1		1	B	133840.mp4	1848.png
1849	1		1	B	133840.mp4	1849.png
1850	1		1	B	133840.mp4	1850.png
1851	1		1	B	133840.mp4	1851.png
1852	1		1	B	133840.mp4	1852.png
1853	1		1	B	133840.mp4	1853.png
1854	1		1	B	133840.mp4	1854.png
1855	1		1	B	133840.mp4	1855.png
1856	1		1	B	133840.mp4	1856.png
1857	1		1	B	133840.mp4	1857.png
1858	1		1	B	133840.mp4	1858.png
1859	1		1	B	133840.mp4	1859.png
1860	1		1	B	133840.mp4	1860.png
1861	1		1	B	133840.mp4	1861.png
1862	1		1	B	133840.mp4	1862.png
1863	1		1	B	133840.mp4	1863.png
1864	1		1	B	133840.mp4	1864.png
1865	1		1	B	133840.mp4	1865.png
1866	1		1	B	133840.mp4	1866.png
1867	1		1	B	133840.mp4	1867.png
1868	1		1	B	133840.mp4	1868.png
1869	1		1	B	133840.mp4	1869.png
1870	1		1	B	133840.mp4	1870.png
1871	1		1	B	133840.mp4	1871.png
1872	1		1	B	133840.mp4	1872.png
1873	1		1	B	133840.mp4	1873.png
1874	1		1	B	133840.mp4	1874.png
1875	1		1	B	133840.mp4	1875.png
1876	1		1	B	133840.mp4	1876.png
1877	1		1	B	133840.mp4	1877.png
1878	1		1	B	133840.mp4	1878.png
1879	1		1	B	133840.mp4	1879.png
1880	1		1	B	133840.mp4	1880.png
1881	1		1	B	133840.mp4	1881.png
1882	1		1	B	133840.mp4	1882.png
1883	1		1	B	133840.mp4	1883.png
1884	1		1	B	133840.mp4	1884.png
1885	1		1	B	133840.mp4	1885.png
1886	1		1	B	133840.mp4	1886.png
1887	1		1	B	133840.mp4	1887.png
1888	1		1	B	133840.mp4	1888.png
1889	1		1	B	133840.mp4	1889.png
1890	1		1	B	133840.mp4	1890.png
1891	1		1	B	133840.mp4	1891.png
1892	1		1	B	133840.mp4	1892.png
1893	1		1	B	133840.mp4	1893.png
1894	1		1	B	133840.mp4	1894.png
1895	1		1	B	133840.mp4	1895.png
1896	1		1	B	133840.mp4	1896.png
1897	1		1	B	133840.mp4	1897.png
1898	1		1	B	133840.mp4	1898.png
1899	1		1	B	133840.mp4	1899.png
1900	1		1	B	133840.mp4	1900.png
1901	1		1	B	133840.mp4	1901.png
1902	1		1	B	133840.mp4	1902.png
1903	1		1	B	133840.mp4	1903.png
1904	1		1	B	133840.mp4	1904.png
1905	1		1	B	133840.mp4	1905.png
1906	1		1	B	133840.mp4	1906.png
1907	1		1	B	133840.mp4	1907.png
1908	1		1	B	133840.mp4	1908.png
1909	1		1	B	133840.mp4	1909.png
1910	1		1	B	133840.mp4	1910.png
1911	1		1	B	133840.mp4	1911.png
1912	1		1	B	133840.mp4	1912.png
1913	1		1	B	133840.mp4	1913.png
1914	1		1	B	133840.mp4	1914.png
1915	1		1	B	133840.mp4	1915.png
1916	1		1	B	133840.mp4	1916.png
1917	1		1	B	133840.mp4	1917.png
1918	1		1	B	133840.mp4	1918.png
1919	1		1	B	133840.mp4	1919.png
1920	1		1	B	133840.mp4	1920.png
1921	1		1	B	133840.mp4	1921.png
1922	1		1	B	133840.mp4	1922.png
1923	1		1	B	133840.mp4	1923.png
1924	1		1	B	133840.mp4	1924.png
1925	1		1	B	133840.mp4	1925.png
1926	1		1	B	133840.mp4	1926.png
1927	1		1	B	133840.mp4	1927.png
1928	1		1	B	133840.mp4	1928.png
1929	1		1	B	133840.mp4	1929.png
1930	1		1	B	133840.mp4	1930.png
1931	1		1	B	133840.mp4	1931.png
1932	1		1	B	133840.mp4	1932.png
1933	1		1	B	133840.mp4	1933.png
1934	1		1	B	133840.mp4	1934.png
1935	1		1	B	133840.mp4	1935.png
1936	1		1	B	133840.mp4	1936.png
1937	1		1	B	133840.mp4	1937.png
1938	1		1	B	133840.mp4	1938.png
1939	1		1	B	133840.mp4	1939.png
1940	1		1	B	133840.mp4	1940.png
1941	1		1	B	133840.mp4	1941.png
1942	1		1	B	133840.mp4	1942.png
1943	1		1	B	133840.mp4	1943.png
1944	1		1	B	133840.mp4	1944.png
1945	1		1	B	133840.mp4	1945.png
1946	1		1	B	133840.mp4	1946.png
1947	1		1	B	133840.mp4	1947.png
1948	1		1	B	133840.mp4	1948.png
1949	1		1	B	133840.mp4	1949.png
1950	1		1	B	133840.mp4	1950.png
1951	1		1	B	133840.mp4	1951.png
1952	1		1	B	133840.mp4	1952.png
1953	1		1	B	133840.mp4	1953.png
1954	1		1	B	133840.mp4	1954.png
1955	1		1	B	133840.mp4	1955.png
1956	1		1	B	133840.mp4	1956.png
1957	1		1	B	133840.mp4	1957.png
1958	1		1	B	133840.mp4	1958.png
1959	1		1	B	133840.mp4	1959.png
1960	1		1	B	133840.mp4	1960.png
1961	1		1	B	133840.mp4	1961.png
1962	1		1	B	133840.mp4	1962.png
1963	1		1	B	133840.mp4	1963.png
1964	1		1	B	133840.mp4	1964.png
1965	1		1	B	133840.mp4	1965.png
1966	1		1	B	133840.mp4	1966.png
1967	1		1	B	133840.mp4	1967.png
1968	1		1	B	133840.mp4	1968.png
1969	1		1	B	133840.mp4	1969.png
1970	1		1	B	133840.mp4	1970.png
1971	1		1	B	133840.mp4	1971.png
1972	1		1	B	133840.mp4	1972.png
1973	1		1	B	133840.mp4	1973.png
1974	1		1	B	133840.mp4	1974.png
1975	1		1	B	133840.mp4	1975.png
1976	1		1	B	133840.mp4	1976.png
1977	1		1	B	133840.mp4	1977.png
1978	1		1	B	133840.mp4	1978.png
1979	1		1	B	133840.mp4	1979.png
1980	1		1	B	133840.mp4	1980.png
1981	1		1	B	133840.mp4	1981.png
1982	1		1	B	133840.mp4	1982.png
1983	1		1	B	133840.mp4	1983.png
1984	1		1	B	133840.mp4	1984.png
1985	1		1	B	133840.mp4	1985.png
1986	1		1	B	133840.mp4	1986.png
1987	1		1	B	133840.mp4	1987.png
1988	1		1	B	133840.mp4	1988.png
1989	1		1	B	133840.mp4	1989.png
1990	1		1	B	133840.mp4	1990.png
1991	1		1	B	133840.mp4	1991.png
1992	1		1	Y	151454.mp4	1992.png
1993	1		1	Y	151454.mp4	1993.png
1994	1		1	Y	151454.mp4	1994.png
1995	1		1	Y	151454.mp4	1995.png
1996	1		1	Y	151454.mp4	1996.png
1997	1		1	Y	151454.mp4	1997.png
1998	1		1	Y	151454.mp4	1998.png
1999	1		1	Y	151454.mp4	1999.png
2000	1		1	Y	151454.mp4	2000.png
2001	1		1	Y	151454.mp4	2001.png
2002	1		1	Y	151454.mp4	2002.png
2003	1		1	Y	151454.mp4	2003.png
2004	1		1	Y	151454.mp4	2004.png
2005	1		1	Y	151454.mp4	2005.png
2006	1		1	Y	151454.mp4	2006.png
2007	1		1	Y	151454.mp4	2007.png
2008	1		1	Y	151454.mp4	2008.png
2009	1		1	Y	151454.mp4	2009.png
2010	1		1	Y	151454.mp4	2010.png
2011	1		1	Y	151454.mp4	2011.png
2012	1		1	Y	151454.mp4	2012.png
2013	1		1	Y	151454.mp4	2013.png
2014	1		1	Y	151454.mp4	2014.png
2015	1		1	Y	151454.mp4	2015.png
2016	1		1	Y	151454.mp4	2016.png
2017	1		1	Y	151454.mp4	2017.png
2018	1		1	Y	151454.mp4	2018.png
2019	1		1	Y	151454.mp4	2019.png
2020	1		1	Y	151454.mp4	2020.png
2021	1		1	Y	151454.mp4	2021.png
2022	1		1	Y	151454.mp4	2022.png
2023	1		1	Y	151454.mp4	2023.png
2024	1		1	Y	151454.mp4	2024.png
2025	1		1	Y	151454.mp4	2025.png
2026	1		1	Y	151454.mp4	2026.png
2027	1		1	Y	151454.mp4	2027.png
2028	1		1	Y	151454.mp4	2028.png
2029	1		1	Y	151454.mp4	2029.png
2030	1		1	Y	151454.mp4	2030.png
2031	1		1	Y	151454.mp4	2031.png
2032	1		1	Y	151454.mp4	2032.png
2033	1		1	Y	151454.mp4	2033.png
2034	1		1	Y	151454.mp4	2034.png
2035	1		1	Y	151454.mp4	2035.png
2036	1		1	Y	151454.mp4	2036.png
2037	1		1	Y	151454.mp4	2037.png
2038	1		1	Y	151454.mp4	2038.png
2039	1		1	Y	151454.mp4	2039.png
2040	1		1	Y	151454.mp4	2040.png
2041	1		1	Y	151454.mp4	2041.png
2042	1		1	Y	151454.mp4	2042.png
2043	1		1	Y	151454.mp4	2043.png
2044	1		1	Y	151454.mp4	2044.png
2045	1		1	Y	151454.mp4	2045.png
2046	1		1	Y	151454.mp4	2046.png
2047	1		1	Y	151454.mp4	2047.png
2048	1		1	Y	151454.mp4	2048.png
2049	1		1	Y	151454.mp4	2049.png
2050	1		1	Y	151454.mp4	2050.png
2051	1		1	Y	151454.mp4	2051.png
2052	1		1	Y	151454.mp4	2052.png
2053	1		1	Y	151454.mp4	2053.png
2054	1		1	Y	151454.mp4	2054.png
2055	1		1	Y	151454.mp4	2055.png
2056	1		1	Y	151454.mp4	2056.png
2057	1		1	Y	151454.mp4	2057.png
2058	1		1	Y	151454.mp4	2058.png
2059	1		1	Y	151454.mp4	2059.png
2060	1		1	Y	151454.mp4	2060.png
2061	1		1	Y	151454.mp4	2061.png
2062	1		1	Y	151454.mp4	2062.png
2063	1		1	Y	151454.mp4	2063.png
2064	1		1	Y	151454.mp4	2064.png
2065	1		1	Y	151454.mp4	2065.png
2066	1		1	Y	151454.mp4	2066.png
2067	1		1	Y	151454.mp4	2067.png
2068	1		1	Y	151454.mp4	2068.png
2069	1		1	Y	151454.mp4	2069.png
2070	1		1	Y	151454.mp4	2070.png
2071	1		1	Y	151454.mp4	2071.png
2072	1		1	Y	151454.mp4	2072.png
2073	1		1	Y	151454.mp4	2073.png
2074	1		1	Y	151454.mp4	2074.png
2075	1		1	Y	151454.mp4	2075.png
2076	1		1	Y	151454.mp4	2076.png
2077	1		1	Y	151454.mp4	2077.png
2078	1		1	O	151639.mp4	2078.png
2079	1		1	O	151639.mp4	2079.png
2080	1		1	O	151639.mp4	2080.png
2081	1		1	O	151639.mp4	2081.png
2082	1		1	O	151639.mp4	2082.png
2083	1		1	O	151639.mp4	2083.png
2084	1		1	O	151639.mp4	2084.png
2085	1		1	O	151639.mp4	2085.png
2086	1		1	O	151639.mp4	2086.png
2087	1		1	O	151639.mp4	2087.png
2088	1		1	O	151639.mp4	2088.png
2089	1		1	O	151639.mp4	2089.png
2090	1		1	O	151639.mp4	2090.png
2091	1		1	O	151639.mp4	2091.png
2092	1		1	O	151639.mp4	2092.png
2093	1		1	O	151639.mp4	2093.png
2094	1		1	O	151639.mp4	2094.png
2095	1		1	O	151639.mp4	2095.png
2096	1		1	O	151639.mp4	2096.png
2097	1		1	O	151639.mp4	2097.png
2098	1		1	O	151639.mp4	2098.png
2099	1		1	O	151639.mp4	2099.png
2100	1		1	O	151639.mp4	2100.png
2101	1		1	O	151639.mp4	2101.png
2102	1		1	O	151639.mp4	2102.png
2103	1		1	O	151639.mp4	2103.png
2104	1		1	O	151639.mp4	2104.png
2105	1		1	O	151639.mp4	2105.png
2106	1		1	O	151639.mp4	2106.png
2107	1		1	O	151639.mp4	2107.png
2108	1		1	O	151639.mp4	2108.png
2109	1		1	O	151639.mp4	2109.png
2110	1		1	O	151639.mp4	2110.png
2111	1		1	O	151639.mp4	2111.png
2112	1		1	O	151639.mp4	2112.png
2113	1		1	O	151639.mp4	2113.png
2114	1		1	O	151639.mp4	2114.png
2115	1		1	O	151639.mp4	2115.png
2116	1		1	O	151639.mp4	2116.png
2117	1		1	O	151639.mp4	2117.png
2118	1		1	O	151639.mp4	2118.png
2119	1		1	O	151639.mp4	2119.png
2120	1		1	O	151639.mp4	2120.png
2121	1		1	O	151639.mp4	2121.png
2122	1		1	O	151639.mp4	2122.png
2123	1		1	O	151639.mp4	2123.png
2124	1		1	O	151639.mp4	2124.png
2125	1		1	O	151639.mp4	2125.png
2126	1		1	O	151639.mp4	2126.png
2127	1		1	O	151639.mp4	2127.png
2128	1		1	O	151639.mp4	2128.png
2129	1		1	O	151639.mp4	2129.png
2130	1		1	O	151639.mp4	2130.png
2131	1		1	O	151639.mp4	2131.png
2132	1		1	O	151639.mp4	2132.png
2133	1		1	O	151639.mp4	2133.png
2134	1		1	O	151639.mp4	2134.png
2135	1		1	O	151639.mp4	2135.png
2136	1		1	O	151639.mp4	2136.png
2137	1		1	O	151639.mp4	2137.png
2138	1		1	O	151639.mp4	2138.png
2139	1		1	O	151639.mp4	2139.png
2140	1		1	O	151639.mp4	2140.png
2141	1		1	O	151639.mp4	2141.png
2142	1		1	O	151639.mp4	2142.png
2143	1		1	O	151639.mp4	2143.png
2144	1		1	O	151639.mp4	2144.png
2145	1		1	O	151639.mp4	2145.png
2146	1		1	O	151639.mp4	2146.png
2147	1		1	O	151639.mp4	2147.png
2148	1		1	O	151639.mp4	2148.png
2149	1		1	O	151639.mp4	2149.png
2150	1		1	O	151639.mp4	2150.png
2151	1		1	O	151639.mp4	2151.png
2152	1		1	O	151639.mp4	2152.png
2153	1		1	O	151639.mp4	2153.png
2154	1		1	Y	151557.mp4	2154.png
2155	1		1	Y	151557.mp4	2155.png
2156	1		1	Y	151557.mp4	2156.png
2157	1		1	Y	151557.mp4	2157.png
2158	1		1	Y	151557.mp4	2158.png
2159	1		1	Y	151557.mp4	2159.png
2160	1		1	Y	151557.mp4	2160.png
2161	1		1	Y	151557.mp4	2161.png
2162	1		1	Y	151557.mp4	2162.png
2163	1		1	Y	151557.mp4	2163.png
2164	1		1	Y	151557.mp4	2164.png
2165	1		1	Y	151557.mp4	2165.png
2166	1		1	Y	151557.mp4	2166.png
2167	1		1	Y	151557.mp4	2167.png
2168	1		1	Y	151557.mp4	2168.png
2169	1		1	Y	151557.mp4	2169.png
2170	1		1	Y	151557.mp4	2170.png
2171	1		1	Y	151557.mp4	2171.png
2172	1		1	Y	151557.mp4	2172.png
2173	1		1	Y	151557.mp4	2173.png
2174	1		1	Y	151557.mp4	2174.png
2175	1		1	Y	151557.mp4	2175.png
2176	1		1	Y	151557.mp4	2176.png
2177	1		1	Y	151557.mp4	2177.png
2178	1		1	Y	151557.mp4	2178.png
2179	1		1	Y	151557.mp4	2179.png
2180	1		1	Y	151557.mp4	2180.png
2181	1		1	Y	151557.mp4	2181.png
2182	1		1	Y	151557.mp4	2182.png
2183	1		1	Y	151557.mp4	2183.png
2184	1		1	Y	151557.mp4	2184.png
2185	1		1	Y	151557.mp4	2185.png
2186	1		1	Y	151557.mp4	2186.png
2187	1		1	Y	151557.mp4	2187.png
2188	1		1	Y	151557.mp4	2188.png
2189	1		1	Y	151557.mp4	2189.png
2190	1		1	Y	151557.mp4	2190.png
2191	1		1	Y	151557.mp4	2191.png
2192	1		1	Y	151557.mp4	2192.png
2193	1		1	Y	151557.mp4	2193.png
2194	1		1	Y	151557.mp4	2194.png
2195	1		1	Y	151557.mp4	2195.png
2196	1		1	Y	151557.mp4	2196.png
2197	1		1	Y	151557.mp4	2197.png
2198	1		1	Y	151557.mp4	2198.png
2199	1		1	Y	151557.mp4	2199.png
2200	1		1	Y	151557.mp4	2200.png
2201	1		1	Y	151557.mp4	2201.png
2202	1		1	Y	151557.mp4	2202.png
2203	1		1	Y	151557.mp4	2203.png
2204	1		1	Y	151557.mp4	2204.png
2205	1		1	Y	151557.mp4	2205.png
2206	1		1	Y	151557.mp4	2206.png
2207	1		1	Y	151557.mp4	2207.png
2208	1		1	Y	151557.mp4	2208.png
2209	1		1	Y	151557.mp4	2209.png
2210	1		1	Y	151557.mp4	2210.png
2211	1		1	Y	151557.mp4	2211.png
2212	1		1	Y	151557.mp4	2212.png
2213	1		1	Y	151557.mp4	2213.png
2214	1		1	Y	151557.mp4	2214.png
2215	1		1	Y	151557.mp4	2215.png
2216	1		1	Y	151557.mp4	2216.png
2217	1		1	Y	151557.mp4	2217.png
2218	1		1	Y	151557.mp4	2218.png
2219	1		1	Y	151557.mp4	2219.png
2220	1		1	Y	151557.mp4	2220.png
2221	1		1	Y	151557.mp4	2221.png
2222	1		1	Y	151557.mp4	2222.png
2223	1		1	Y	151557.mp4	2223.png
2224	1		1	Y	151557.mp4	2224.png
2225	1		1	Y	151557.mp4	2225.png
2226	1		1	Y	151557.mp4	2226.png
2227	1		1	Y	151557.mp4	2227.png
2228	1		1	Y	151557.mp4	2228.png
2229	1		1	Y	151557.mp4	2229.png
2230	1		1	Y	151557.mp4	2230.png
2231	1		1	Y	151557.mp4	2231.png
2232	1		1	Y	151557.mp4	2232.png
2233	1		1	Y	151557.mp4	2233.png
2234	1		1	Y	151557.mp4	2234.png
2235	1		1	Y	151557.mp4	2235.png
2236	1		1	Y	151557.mp4	2236.png
2237	1		1	Y	151557.mp4	2237.png
2238	1		1	Y	151557.mp4	2238.png
2239	1		1	Y	151557.mp4	2239.png
2240	1		1	Y	151557.mp4	2240.png
2241	1		1	Y	151557.mp4	2241.png
2242	1		1	Y	151557.mp4	2242.png
2243	1		1	Y	151557.mp4	2243.png
2244	1		1	Y	151557.mp4	2244.png
2245	1		1	Y	151557.mp4	2245.png
